identifier;block_num;par_num;line_num;word_num;text;position;height;text_type;page;document
0;1;1;1;1;4.;[244, 366, 33, 36];36;text;Page_19;01_ARDIAN - Comptes sociaux 2017
0;1;1;1;2;ENGAGEMENTS;[288, 366, 351, 36];36;text;Page_19;01_ARDIAN - Comptes sociaux 2017
0;1;1;1;3;HORS;[657, 364, 127, 38];38;text;Page_19;01_ARDIAN - Comptes sociaux 2017
0;1;1;1;4;BILAN;[802, 364, 132, 37];37;text;Page_19;01_ARDIAN - Comptes sociaux 2017
0;2;1;1;1;»;[247, 512, 14, 13];13;text;Page_19;01_ARDIAN - Comptes sociaux 2017
0;2;1;1;2;ENGAGEMENTS;[315, 501, 319, 35];35;text;Page_19;01_ARDIAN - Comptes sociaux 2017
0;2;1;1;3;SUR;[649, 501, 86, 35];35;text;Page_19;01_ARDIAN - Comptes sociaux 2017
0;2;1;1;4;TITRES;[748, 501, 147, 35];35;text;Page_19;01_ARDIAN - Comptes sociaux 2017
0;2;1;1;5;DE;[912, 501, 54, 33];33;text;Page_19;01_ARDIAN - Comptes sociaux 2017
0;2;1;1;6;PARTICIPATION;[981, 500, 318, 34];34;text;Page_19;01_ARDIAN - Comptes sociaux 2017
0;3;1;1;1;Entités;[504, 776, 121, 31];31;text;Page_19;01_ARDIAN - Comptes sociaux 2017
0;4;1;1;1;AÏMPE;[241, 903, 117, 32];32;text;Page_19;01_ARDIAN - Comptes sociaux 2017
0;4;1;1;2;&;[370, 903, 23, 30];30;text;Page_19;01_ARDIAN - Comptes sociaux 2017
0;4;1;1;3;Management;[406, 905, 219, 36];36;text;Page_19;01_ARDIAN - Comptes sociaux 2017
0;4;2;1;1;AXA;[241, 953, 75, 30];30;text;Page_19;01_ARDIAN - Comptes sociaux 2017
0;4;2;1;2;LBO;[328, 953, 72, 30];30;text;Page_19;01_ARDIAN - Comptes sociaux 2017
0;4;2;1;3;Fund;[415, 953, 84, 30];30;text;Page_19;01_ARDIAN - Comptes sociaux 2017
0;4;2;1;4;V;[510, 951, 25, 32];32;text;Page_19;01_ARDIAN - Comptes sociaux 2017
0;4;2;1;5;Core;[546, 953, 81, 30];30;text;Page_19;01_ARDIAN - Comptes sociaux 2017
0;4;3;1;1;AXA;[241, 1002, 75, 32];32;text;Page_19;01_ARDIAN - Comptes sociaux 2017
0;4;3;1;2;LBO;[328, 1001, 74, 31];31;text;Page_19;01_ARDIAN - Comptes sociaux 2017
0;4;3;1;3;Fund;[415, 1001, 84, 33];33;text;Page_19;01_ARDIAN - Comptes sociaux 2017
0;4;3;1;4;V;[510, 1001, 25, 31];31;text;Page_19;01_ARDIAN - Comptes sociaux 2017
0;4;3;1;5;Supplementary;[546, 1001, 256, 39];39;text;Page_19;01_ARDIAN - Comptes sociaux 2017
0;4;3;2;1;AXA;[241, 1052, 75, 31];31;text;Page_19;01_ARDIAN - Comptes sociaux 2017
0;4;3;2;2;Co-investment;[328, 1050, 245, 32];32;text;Page_19;01_ARDIAN - Comptes sociaux 2017
0;4;3;2;3;Fund;[586, 1050, 84, 32];32;text;Page_19;01_ARDIAN - Comptes sociaux 2017
0;4;3;2;4;IV;[682, 1050, 36, 32];32;text;Page_19;01_ARDIAN - Comptes sociaux 2017
0;4;4;1;1;AXA;[241, 1101, 75, 32];32;text;Page_19;01_ARDIAN - Comptes sociaux 2017
0;4;4;1;2;Co-investment;[328, 1100, 246, 31];31;text;Page_19;01_ARDIAN - Comptes sociaux 2017
0;4;4;1;3;Fund;[586, 1100, 84, 31];31;text;Page_19;01_ARDIAN - Comptes sociaux 2017
0;4;4;1;4;IV-B;[684, 1100, 72, 31];31;text;Page_19;01_ARDIAN - Comptes sociaux 2017
0;4;5;1;1;AXA;[241, 1151, 75, 31];31;text;Page_19;01_ARDIAN - Comptes sociaux 2017
0;4;5;1;2;Expansion;[330, 1149, 174, 39];39;text;Page_19;01_ARDIAN - Comptes sociaux 2017
0;4;5;1;3;Fund;[517, 1149, 81, 33];33;text;Page_19;01_ARDIAN - Comptes sociaux 2017
0;4;5;1;4;il;[612, 1149, 30, 32];32;text;Page_19;01_ARDIAN - Comptes sociaux 2017
0;4;6;1;1;AXA;[241, 1200, 75, 32];32;text;Page_19;01_ARDIAN - Comptes sociaux 2017
0;4;6;1;2;Expension;[330, 1199, 174, 39];39;text;Page_19;01_ARDIAN - Comptes sociaux 2017
0;4;6;1;3;Fund;[517, 1199, 81, 31];31;text;Page_19;01_ARDIAN - Comptes sociaux 2017
0;4;6;1;4;iii;[613, 1199, 27, 31];31;text;Page_19;01_ARDIAN - Comptes sociaux 2017
0;4;6;1;5;ltalla;[657, 1199, 76, 31];31;text;Page_19;01_ARDIAN - Comptes sociaux 2017
0;4;6;1;6;Parallel;[747, 1199, 124, 31];31;text;Page_19;01_ARDIAN - Comptes sociaux 2017
0;4;6;2;1;Ardian;[241, 1248, 108, 32];32;text;Page_19;01_ARDIAN - Comptes sociaux 2017
0;4;6;2;2;Ca-investment;[363, 1248, 244, 32];32;text;Page_19;01_ARDIAN - Comptes sociaux 2017
0;4;6;2;3;Fund;[619, 1247, 84, 33];33;text;Page_19;01_ARDIAN - Comptes sociaux 2017
0;4;6;2;4;IV;[718, 1247, 35, 33];33;text;Page_19;01_ARDIAN - Comptes sociaux 2017
0;4;6;2;5;Europe;[765, 1247, 121, 40];40;text;Page_19;01_ARDIAN - Comptes sociaux 2017
0;4;6;3;1;Ardian;[241, 1295, 108, 31];31;text;Page_19;01_ARDIAN - Comptes sociaux 2017
0;4;6;3;2;Co-invesiment;[363, 1295, 244, 31];31;text;Page_19;01_ARDIAN - Comptes sociaux 2017
0;4;6;3;3;Fund;[619, 1293, 84, 33];33;text;Page_19;01_ARDIAN - Comptes sociaux 2017
0;4;6;3;4;{V;[718, 1293, 35, 33];33;text;Page_19;01_ARDIAN - Comptes sociaux 2017
0;4;6;3;5;North;[765, 1293, 90, 33];33;text;Page_19;01_ARDIAN - Comptes sociaux 2017
0;4;6;4;1;Americe;[241, 1340, 140, 33];33;text;Page_19;01_ARDIAN - Comptes sociaux 2017
0;4;7;1;1;Ardlan;[241, 1386, 108, 32];32;text;Page_19;01_ARDIAN - Comptes sociaux 2017
0;4;7;1;2;LBO;[363, 1386, 72, 32];32;text;Page_19;01_ARDIAN - Comptes sociaux 2017
0;4;7;1;3;VIB;[447, 1386, 72, 32];32;text;Page_19;01_ARDIAN - Comptes sociaux 2017
0;4;8;1;1;Ardian;[241, 1435, 108, 33];33;text;Page_19;01_ARDIAN - Comptes sociaux 2017
0;4;8;1;2;Expansion;[364, 1435, 173, 39];39;text;Page_19;01_ARDIAN - Comptes sociaux 2017
0;4;8;1;3;IV;[549, 1435, 36, 31];31;text;Page_19;01_ARDIAN - Comptes sociaux 2017
0;4;8;1;4;B;[597, 1435, 22, 30];30;text;Page_19;01_ARDIAN - Comptes sociaux 2017
0;4;9;1;1;FPS;[244, 1484, 69, 30];30;text;Page_19;01_ARDIAN - Comptes sociaux 2017
0;4;9;1;2;Ardian;[324, 1483, 109, 31];31;text;Page_19;01_ARDIAN - Comptes sociaux 2017
0;4;9;1;3;Fonds;[447, 1483, 102, 31];31;text;Page_19;01_ARDIAN - Comptes sociaux 2017
0;4;9;1;4;de;[562, 1483, 41, 30];30;text;Page_19;01_ARDIAN - Comptes sociaux 2017
0;4;9;1;5;Fonds;[616, 1481, 104, 33];33;text;Page_19;01_ARDIAN - Comptes sociaux 2017
0;4;9;1;6;FRR;[733, 1483, 77, 30];30;text;Page_19;01_ARDIAN - Comptes sociaux 2017
0;4;9;1;7;CI;[822, 1481, 34, 32];32;text;Page_19;01_ARDIAN - Comptes sociaux 2017
0;4;9;2;1;Franca;[244, 1528, 114, 30];30;text;Page_19;01_ARDIAN - Comptes sociaux 2017
0;4;10;1;1;FPS;[244, 1571, 69, 32];32;text;Page_19;01_ARDIAN - Comptes sociaux 2017
0;4;10;1;2;ERAFP;[328, 1570, 122, 33];33;text;Page_19;01_ARDIAN - Comptes sociaux 2017
0;4;10;1;3;infrastructures;[465, 1570, 240, 33];33;text;Page_19;01_ARDIAN - Comptes sociaux 2017
0;4;10;2;1;Compartiment;[244, 1616, 237, 32];32;text;Page_19;01_ARDIAN - Comptes sociaux 2017
0;4;10;2;2;1;[495, 1615, 12, 31];31;text;Page_19;01_ARDIAN - Comptes sociaux 2017
0;5;1;1;1;”;[249, 1784, 12, 15];15;text;Page_19;01_ARDIAN - Comptes sociaux 2017
0;5;1;1;2;GARANTIES;[316, 1774, 236, 34];34;text;Page_19;01_ARDIAN - Comptes sociaux 2017
0;6;1;1;1;Nombre;[942, 752, 144, 33];33;text;Page_19;01_ARDIAN - Comptes sociaux 2017
0;6;1;2;1;de;[939, 797, 43, 30];30;text;Page_19;01_ARDIAN - Comptes sociaux 2017
0;6;1;2;2;parts;[996, 798, 90, 36];36;text;Page_19;01_ARDIAN - Comptes sociaux 2017
0;7;1;1;1;510;[1047, 902, 61, 31];31;text;Page_19;01_ARDIAN - Comptes sociaux 2017
0;7;2;1;1;48;[990, 951, 43, 32];32;text;Page_19;01_ARDIAN - Comptes sociaux 2017
0;7;2;1;2;900;[1047, 951, 61, 30];30;text;Page_19;01_ARDIAN - Comptes sociaux 2017
0;7;2;2;1;12;[993, 1001, 40, 31];31;text;Page_19;01_ARDIAN - Comptes sociaux 2017
0;7;2;2;2;229;[1047, 1001, 61, 30];30;text;Page_19;01_ARDIAN - Comptes sociaux 2017
0;7;2;3;1;5;[1014, 1050, 19, 29];29;text;Page_19;01_ARDIAN - Comptes sociaux 2017
0;7;2;3;2;744;[1044, 1049, 64, 31];31;text;Page_19;01_ARDIAN - Comptes sociaux 2017
0;7;2;4;1;460;[1045, 1100, 63, 30];30;text;Page_19;01_ARDIAN - Comptes sociaux 2017
0;7;2;5;1;14;[993, 1148, 42, 31];31;text;Page_19;01_ARDIAN - Comptes sociaux 2017
0;7;2;5;2;990;[1047, 1149, 61, 30];30;text;Page_19;01_ARDIAN - Comptes sociaux 2017
0;7;2;6;1;699;[1047, 1199, 61, 30];30;text;Page_19;01_ARDIAN - Comptes sociaux 2017
0;7;3;1;1;2;[1014, 1247, 21, 30];30;text;Page_19;01_ARDIAN - Comptes sociaux 2017
0;7;3;1;2;969;[1047, 1248, 63, 30];30;text;Page_19;01_ARDIAN - Comptes sociaux 2017
0;8;1;1;1;4731;[1014, 1316, 90, 31];31;text;Page_19;01_ARDIAN - Comptes sociaux 2017
0;9;1;1;1;104;[973, 1385, 60, 32];32;text;Page_19;01_ARDIAN - Comptes sociaux 2017
0;9;1;1;2;141;[1050, 1385, 54, 32];32;text;Page_19;01_ARDIAN - Comptes sociaux 2017
0;9;1;2;1;26;[993, 1435, 42, 30];30;text;Page_19;01_ARDIAN - Comptes sociaux 2017
0;9;1;2;2;252;[1047, 1435, 63, 30];30;text;Page_19;01_ARDIAN - Comptes sociaux 2017
0;10;1;1;1;750;[1047, 1526, 63, 30];30;text;Page_19;01_ARDIAN - Comptes sociaux 2017
0;10;1;2;1;100;[1050, 1615, 61, 31];31;text;Page_19;01_ARDIAN - Comptes sociaux 2017
0;11;1;1;1;Catégorie;[1171, 752, 175, 37];37;text;Page_19;01_ARDIAN - Comptes sociaux 2017
0;11;1;1;2;des;[1358, 752, 63, 30];30;text;Page_19;01_ARDIAN - Comptes sociaux 2017
0;11;1;2;1;parts;[1253, 797, 88, 37];37;text;Page_19;01_ARDIAN - Comptes sociaux 2017
0;12;1;1;1;Parts;[1161, 900, 86, 33];33;text;Page_19;01_ARDIAN - Comptes sociaux 2017
0;12;1;1;2;prioritaires;[1259, 901, 175, 40];40;text;Page_19;01_ARDIAN - Comptes sociaux 2017
0;12;1;2;1;Parts;[1149, 951, 86, 30];30;text;Page_19;01_ARDIAN - Comptes sociaux 2017
0;12;1;2;2;ordinalres;[1247, 950, 165, 31];31;text;Page_19;01_ARDIAN - Comptes sociaux 2017
0;12;1;2;3;B;[1425, 950, 21, 30];30;text;Page_19;01_ARDIAN - Comptes sociaux 2017
0;12;1;3;1;Parts;[1149, 1001, 86, 30];30;text;Page_19;01_ARDIAN - Comptes sociaux 2017
0;12;1;3;2;ordinaires;[1247, 998, 163, 33];33;text;Page_19;01_ARDIAN - Comptes sociaux 2017
0;12;1;3;3;B;[1425, 999, 21, 30];30;text;Page_19;01_ARDIAN - Comptes sociaux 2017
0;12;1;4;1;Parts;[1150, 1049, 85, 31];31;text;Page_19;01_ARDIAN - Comptes sociaux 2017
0;12;1;4;2;ordinaires;[1247, 1047, 165, 33];33;text;Page_19;01_ARDIAN - Comptes sociaux 2017
0;12;1;4;3;B;[1425, 1049, 21, 30];30;text;Page_19;01_ARDIAN - Comptes sociaux 2017
0;12;1;5;1;Parts;[1150, 1098, 85, 32];32;text;Page_19;01_ARDIAN - Comptes sociaux 2017
0;12;1;5;2;ordinaires;[1247, 1098, 165, 32];32;text;Page_19;01_ARDIAN - Comptes sociaux 2017
0;12;1;5;3;B;[1425, 1098, 21, 30];30;text;Page_19;01_ARDIAN - Comptes sociaux 2017
0;12;1;6;1;Parts;[1150, 1148, 85, 31];31;text;Page_19;01_ARDIAN - Comptes sociaux 2017
0;12;1;6;2;ordinaires;[1247, 1148, 165, 31];31;text;Page_19;01_ARDIAN - Comptes sociaux 2017
0;12;1;6;3;B;[1425, 1148, 23, 30];30;text;Page_19;01_ARDIAN - Comptes sociaux 2017
0;12;1;7;1;Parts;[1150, 1197, 86, 32];32;text;Page_19;01_ARDIAN - Comptes sociaux 2017
0;12;1;7;2;ordineires;[1247, 1197, 166, 32];32;text;Page_19;01_ARDIAN - Comptes sociaux 2017
0;12;1;7;3;B;[1425, 1197, 23, 30];30;text;Page_19;01_ARDIAN - Comptes sociaux 2017
0;12;1;8;1;Perts;[1150, 1247, 85, 31];31;text;Page_19;01_ARDIAN - Comptes sociaux 2017
0;12;1;8;2;ordinelres;[1247, 1245, 166, 32];32;text;Page_19;01_ARDIAN - Comptes sociaux 2017
0;12;1;8;3;B;[1425, 1247, 23, 30];30;text;Page_19;01_ARDIAN - Comptes sociaux 2017
0;13;1;1;1;Parts;[1150, 1316, 86, 31];31;text;Page_19;01_ARDIAN - Comptes sociaux 2017
0;13;1;1;2;otdinsires;[1248, 1316, 165, 31];31;text;Page_19;01_ARDIAN - Comptes sociaux 2017
0;13;1;1;3;B;[1425, 1316, 23, 30];30;text;Page_19;01_ARDIAN - Comptes sociaux 2017
0;14;1;1;1;Parts;[1150, 1385, 86, 32];32;text;Page_19;01_ARDIAN - Comptes sociaux 2017
0;14;1;1;2;ordinaires;[1248, 1385, 165, 32];32;text;Page_19;01_ARDIAN - Comptes sociaux 2017
0;14;1;1;3;B;[1427, 1385, 22, 30];30;text;Page_19;01_ARDIAN - Comptes sociaux 2017
0;14;1;2;1;Parts;[1150, 1435, 86, 30];30;text;Page_19;01_ARDIAN - Comptes sociaux 2017
0;14;1;2;2;ordinaires;[1248, 1433, 165, 32];32;text;Page_19;01_ARDIAN - Comptes sociaux 2017
0;14;1;2;3;B;[1427, 1433, 21, 30];30;text;Page_19;01_ARDIAN - Comptes sociaux 2017
0;15;1;1;1;Parts;[1152, 1504, 84, 30];30;text;Page_19;01_ARDIAN - Comptes sociaux 2017
0;15;1;1;2;ordinaires;[1250, 1502, 163, 32];32;text;Page_19;01_ARDIAN - Comptes sociaux 2017
0;15;1;1;3;B;[1427, 1502, 22, 30];30;text;Page_19;01_ARDIAN - Comptes sociaux 2017
0;16;1;1;1;Parts;[1152, 1591, 86, 31];31;text;Page_19;01_ARDIAN - Comptes sociaux 2017
0;16;1;1;2;ordinaires;[1250, 1591, 163, 31];31;text;Page_19;01_ARDIAN - Comptes sociaux 2017
0;16;1;1;3;B;[1427, 1591, 22, 30];30;text;Page_19;01_ARDIAN - Comptes sociaux 2017
0;17;1;1;1;Montant;[1530, 729, 149, 30];30;text;Page_19;01_ARDIAN - Comptes sociaux 2017
0;17;1;2;1;souscrit;[1502, 773, 150, 30];30;text;Page_19;01_ARDIAN - Comptes sociaux 2017
0;17;1;2;2;en;[1662, 780, 42, 23];23;text;Page_19;01_ARDIAN - Comptes sociaux 2017
0;18;1;1;1;500;[1554, 902, 60, 30];30;text;Page_19;01_ARDIAN - Comptes sociaux 2017
0;18;1;1;2;000;[1628, 902, 61, 30];30;text;Page_19;01_ARDIAN - Comptes sociaux 2017
0;18;1;1;3;$;[1703, 900, 18, 35];35;text;Page_19;01_ARDIAN - Comptes sociaux 2017
0;19;1;1;1;1;[1524, 1146, 12, 32];32;text;Page_19;01_ARDIAN - Comptes sociaux 2017
0;19;1;1;2;499;[1554, 1148, 62, 30];30;text;Page_19;01_ARDIAN - Comptes sociaux 2017
0;19;1;1;3;000;[1628, 1148, 63, 28];28;text;Page_19;01_ARDIAN - Comptes sociaux 2017
0;19;1;1;4;€;[1701, 1148, 24, 28];28;text;Page_19;01_ARDIAN - Comptes sociaux 2017
0;19;1;2;1;69;[1575, 1197, 42, 30];30;text;Page_19;01_ARDIAN - Comptes sociaux 2017
0;19;1;2;2;900;[1628, 1197, 63, 29];29;text;Page_19;01_ARDIAN - Comptes sociaux 2017
0;19;1;2;3;€;[1701, 1196, 24, 30];30;text;Page_19;01_ARDIAN - Comptes sociaux 2017
0;19;1;3;1;296;[1554, 1245, 62, 30];30;text;Page_19;01_ARDIAN - Comptes sociaux 2017
0;19;1;3;2;900;[1629, 1245, 62, 30];30;text;Page_19;01_ARDIAN - Comptes sociaux 2017
0;19;1;3;3;€;[1701, 1245, 24, 30];30;text;Page_19;01_ARDIAN - Comptes sociaux 2017
0;20;1;1;1;473;[1553, 1314, 63, 32];32;text;Page_19;01_ARDIAN - Comptes sociaux 2017
0;20;1;1;2;100;[1631, 1314, 60, 32];32;text;Page_19;01_ARDIAN - Comptes sociaux 2017
0;20;1;1;3;$;[1704, 1314, 20, 35];35;text;Page_19;01_ARDIAN - Comptes sociaux 2017
0;21;1;1;1;10;[1503, 1386, 39, 31];31;text;Page_19;01_ARDIAN - Comptes sociaux 2017
0;21;1;1;2;414;[1553, 1385, 64, 32];32;text;Page_19;01_ARDIAN - Comptes sociaux 2017
0;21;1;1;3;100;[1631, 1381, 60, 51];51;text;Page_19;01_ARDIAN - Comptes sociaux 2017
0;21;1;1;4;€;[1701, 1386, 24, 31];31;text;Page_19;01_ARDIAN - Comptes sociaux 2017
0;21;1;2;1;2;[1523, 1433, 21, 30];30;text;Page_19;01_ARDIAN - Comptes sociaux 2017
0;21;1;2;2;625;[1554, 1433, 63, 30];30;text;Page_19;01_ARDIAN - Comptes sociaux 2017
0;21;1;2;3;200;[1629, 1433, 61, 30];30;text;Page_19;01_ARDIAN - Comptes sociaux 2017
0;21;1;2;4;€;[1703, 1433, 21, 30];30;text;Page_19;01_ARDIAN - Comptes sociaux 2017
0;22;1;1;1;75;[1577, 1501, 40, 31];31;text;Page_19;01_ARDIAN - Comptes sociaux 2017
0;22;1;1;2;O0C;[1631, 1502, 61, 30];30;text;Page_19;01_ARDIAN - Comptes sociaux 2017
0;22;1;1;3;€;[1703, 1502, 22, 30];30;text;Page_19;01_ARDIAN - Comptes sociaux 2017
0;23;1;1;1;100;[1557, 1591, 60, 30];30;text;Page_19;01_ARDIAN - Comptes sociaux 2017
0;23;1;1;2;000;[1631, 1591, 60, 28];28;text;Page_19;01_ARDIAN - Comptes sociaux 2017
0;23;1;1;3;€;[1703, 1591, 22, 28];28;text;Page_19;01_ARDIAN - Comptes sociaux 2017
0;24;1;1;1;Montant;[1751, 707, 150, 30];30;text;Page_19;01_ARDIAN - Comptes sociaux 2017
0;24;1;1;2;non;[1911, 713, 66, 22];22;text;Page_19;01_ARDIAN - Comptes sociaux 2017
0;24;1;1;3;|;[1972, 689, 35, 52];52;text;Page_19;01_ARDIAN - Comptes sociaux 2017
0;24;1;1;4;Montant;[2009, 693, 147, 30];30;text;Page_19;01_ARDIAN - Comptes sociaux 2017
0;24;1;1;5;non;[2168, 701, 64, 22];22;text;Page_19;01_ARDIAN - Comptes sociaux 2017
0;25;1;1;1;ilbéré;[1788, 749, 101, 31];31;text;Page_19;01_ARDIAN - Comptes sociaux 2017
0;25;1;1;2;au;[1901, 758, 42, 22];22;text;Page_19;01_ARDIAN - Comptes sociaux 2017
0;25;1;2;1;31/12/2017;[1770, 792, 191, 33];33;text;Page_19;01_ARDIAN - Comptes sociaux 2017
0;25;1;3;1;en;[1769, 846, 40, 23];23;text;Page_19;01_ARDIAN - Comptes sociaux 2017
0;25;1;3;2;deviss&;[1823, 837, 138, 32];32;text;Page_19;01_ARDIAN - Comptes sociaux 2017
0;26;1;1;1;6;[1781, 1383, 19, 31];31;text;Page_19;01_ARDIAN - Comptes sociaux 2017
0;26;1;1;2;154;[1815, 1383, 60, 31];31;text;Page_19;01_ARDIAN - Comptes sociaux 2017
0;26;1;1;3;733;[1887, 1382, 62, 32];32;text;Page_19;01_ARDIAN - Comptes sociaux 2017
0;26;1;1;4;€;[1961, 1383, 21, 31];31;text;Page_19;01_ARDIAN - Comptes sociaux 2017
0;26;1;2;1;1;[1782, 1432, 12, 31];31;text;Page_19;01_ARDIAN - Comptes sociaux 2017
0;26;1;2;2;324;[1812, 1433, 63, 30];30;text;Page_19;01_ARDIAN - Comptes sociaux 2017
0;26;1;2;3;228;[1887, 1432, 63, 31];31;text;Page_19;01_ARDIAN - Comptes sociaux 2017
0;26;1;2;4;€;[1961, 1432, 21, 30];30;text;Page_19;01_ARDIAN - Comptes sociaux 2017
0;27;1;1;1;80;[1835, 1501, 40, 30];30;text;Page_19;01_ARDIAN - Comptes sociaux 2017
0;27;1;1;2;000;[1889, 1501, 61, 30];30;text;Page_19;01_ARDIAN - Comptes sociaux 2017
0;27;1;1;3;€;[1961, 1501, 22, 30];30;text;Page_19;01_ARDIAN - Comptes sociaux 2017
0;28;1;1;1;80;[1835, 1591, 40, 28];28;text;Page_19;01_ARDIAN - Comptes sociaux 2017
0;28;1;1;2;000;[1889, 1589, 61, 30];30;text;Page_19;01_ARDIAN - Comptes sociaux 2017
0;28;1;1;3;€;[1961, 1589, 22, 30];30;text;Page_19;01_ARDIAN - Comptes sociaux 2017
0;29;1;1;1;libéré;[2045, 737, 99, 31];31;text;Page_19;01_ARDIAN - Comptes sociaux 2017
0;29;1;1;2;au;[2156, 744, 40, 24];24;text;Page_19;01_ARDIAN - Comptes sociaux 2017
0;29;1;2;1;31/12/2017;[2028, 779, 188, 34];34;text;Page_19;01_ARDIAN - Comptes sociaux 2017
0;29;1;3;1;an;[2043, 834, 41, 23];23;text;Page_19;01_ARDIAN - Comptes sociaux 2017
0;29;1;3;2;euros;[2097, 833, 102, 24];24;text;Page_19;01_ARDIAN - Comptes sociaux 2017
0;30;1;1;1;6;[2037, 1385, 18, 30];30;text;Page_19;01_ARDIAN - Comptes sociaux 2017
0;30;1;1;2;154;[2070, 1385, 59, 30];30;text;Page_19;01_ARDIAN - Comptes sociaux 2017
0;30;1;1;3;733€;[2142, 1385, 97, 32];32;text;Page_19;01_ARDIAN - Comptes sociaux 2017
0;30;1;2;1;1;[2040, 1432, 12, 31];31;text;Page_19;01_ARDIAN - Comptes sociaux 2017
0;30;1;2;2;324;[2069, 1432, 61, 30];30;text;Page_19;01_ARDIAN - Comptes sociaux 2017
0;30;1;2;3;228;[2144, 1432, 61, 30];30;text;Page_19;01_ARDIAN - Comptes sociaux 2017
0;30;1;2;4;€;[2216, 1432, 23, 30];30;text;Page_19;01_ARDIAN - Comptes sociaux 2017
0;31;1;1;1;60;[2091, 1501, 39, 30];30;text;Page_19;01_ARDIAN - Comptes sociaux 2017
0;31;1;1;2;000;[2144, 1501, 61, 30];30;text;Page_19;01_ARDIAN - Comptes sociaux 2017
0;31;1;1;3;€;[2217, 1501, 22, 30];30;text;Page_19;01_ARDIAN - Comptes sociaux 2017
0;32;1;1;1;80;[2091, 1589, 41, 30];30;text;Page_19;01_ARDIAN - Comptes sociaux 2017
0;32;1;1;2;000;[2144, 1589, 61, 30];30;text;Page_19;01_ARDIAN - Comptes sociaux 2017
0;32;1;1;3;€;[2217, 1589, 22, 30];30;text;Page_19;01_ARDIAN - Comptes sociaux 2017
0;33;1;1;1; ;[218, 586, 2043, 1070];1070;text;Page_19;01_ARDIAN - Comptes sociaux 2017
0;34;1;1;1;Deux;[222, 1904, 94, 33];33;text;Page_19;01_ARDIAN - Comptes sociaux 2017
0;34;1;1;2;garanties;[333, 1904, 171, 41];41;text;Page_19;01_ARDIAN - Comptes sociaux 2017
0;34;1;1;3;ont;[522, 1904, 55, 32];32;text;Page_19;01_ARDIAN - Comptes sociaux 2017
0;34;1;1;4;été;[594, 1903, 57, 33];33;text;Page_19;01_ARDIAN - Comptes sociaux 2017
0;34;1;1;5;consenties;[667, 1903, 201, 33];33;text;Page_19;01_ARDIAN - Comptes sociaux 2017
0;34;1;1;6;en;[885, 1910, 43, 26];26;text;Page_19;01_ARDIAN - Comptes sociaux 2017
0;34;1;1;7;date;[946, 1901, 83, 33];33;text;Page_19;01_ARDIAN - Comptes sociaux 2017
0;34;1;1;8;du;[1047, 1901, 43, 33];33;text;Page_19;01_ARDIAN - Comptes sociaux 2017
0;34;1;1;9;18;[1113, 1901, 40, 33];33;text;Page_19;01_ARDIAN - Comptes sociaux 2017
0;34;1;1;10;avril;[1171, 1901, 74, 33];33;text;Page_19;01_ARDIAN - Comptes sociaux 2017
0;34;1;1;11;2011;[1263, 1900, 86, 34];34;text;Page_19;01_ARDIAN - Comptes sociaux 2017
0;34;1;1;12;et;[1373, 1903, 33, 30];30;text;Page_19;01_ARDIAN - Comptes sociaux 2017
0;34;1;1;13;du;[1421, 1901, 45, 33];33;text;Page_19;01_ARDIAN - Comptes sociaux 2017
0;34;1;1;14;10;[1488, 1900, 41, 33];33;text;Page_19;01_ARDIAN - Comptes sociaux 2017
0;34;1;1;15;octobre;[1547, 1898, 138, 35];35;text;Page_19;01_ARDIAN - Comptes sociaux 2017
0;34;1;1;16;2012;[1704, 1900, 90, 33];33;text;Page_19;01_ARDIAN - Comptes sociaux 2017
0;34;1;1;17;par;[1814, 1907, 60, 33];33;text;Page_19;01_ARDIAN - Comptes sociaux 2017
0;34;1;1;18;ARDIAN;[1889, 1898, 156, 35];35;text;Page_19;01_ARDIAN - Comptes sociaux 2017
0;34;1;1;19;au;[2066, 1907, 42, 26];26;text;Page_19;01_ARDIAN - Comptes sociaux 2017
0;34;1;1;20;profit;[2129, 1898, 90, 42];42;text;Page_19;01_ARDIAN - Comptes sociaux 2017
0;34;1;2;1;d'ARDIAN;[220, 1951, 186, 34];34;text;Page_19;01_ARDIAN - Comptes sociaux 2017
0;34;1;2;2;investment;[423, 1951, 202, 34];34;text;Page_19;01_ARDIAN - Comptes sociaux 2017
0;34;1;2;3;UK;[640, 1949, 56, 36];36;text;Page_19;01_ARDIAN - Comptes sociaux 2017
0;34;1;2;4;Ltd;[709, 1951, 54, 33];33;text;Page_19;01_ARDIAN - Comptes sociaux 2017
0;34;1;2;5;relative;[780, 1951, 132, 34];34;text;Page_19;01_ARDIAN - Comptes sociaux 2017
0;34;1;2;6;aux;[927, 1958, 66, 26];26;text;Page_19;01_ARDIAN - Comptes sociaux 2017
0;34;1;2;7;contrats;[1006, 1951, 149, 33];33;text;Page_19;01_ARDIAN - Comptes sociaux 2017
0;34;1;2;8;de;[1170, 1949, 43, 33];33;text;Page_19;01_ARDIAN - Comptes sociaux 2017
0;34;1;2;9;baïl;[1229, 1949, 61, 35];35;text;Page_19;01_ARDIAN - Comptes sociaux 2017
0;34;1;2;10;signés;[1304, 1949, 118, 42];42;text;Page_19;01_ARDIAN - Comptes sociaux 2017
0;34;1;2;11;par;[1437, 1957, 60, 33];33;text;Page_19;01_ARDIAN - Comptes sociaux 2017
0;34;1;2;12;cette;[1508, 1951, 88, 31];31;text;Page_19;01_ARDIAN - Comptes sociaux 2017
0;34;1;2;13;dernière.;[1611, 1948, 164, 33];33;text;Page_19;01_ARDIAN - Comptes sociaux 2017
0;35;1;1;1;Une;[222, 2081, 73, 32];32;text;Page_19;01_ARDIAN - Comptes sociaux 2017
0;35;1;1;2;lettre;[312, 2080, 90, 33];33;text;Page_19;01_ARDIAN - Comptes sociaux 2017
0;35;1;1;3;de;[418, 2081, 44, 32];32;text;Page_19;01_ARDIAN - Comptes sociaux 2017
0;35;1;1;4;confort;[480, 2080, 124, 33];33;text;Page_19;01_ARDIAN - Comptes sociaux 2017
0;35;1;1;5;a;[621, 2089, 19, 23];23;text;Page_19;01_ARDIAN - Comptes sociaux 2017
0;35;1;1;6;èté;[658, 2080, 57, 32];32;text;Page_19;01_ARDIAN - Comptes sociaux 2017
0;35;1;1;7;consentis;[730, 2080, 179, 32];32;text;Page_19;01_ARDIAN - Comptes sociaux 2017
0;35;1;1;8;en;[924, 2087, 45, 25];25;text;Page_19;01_ARDIAN - Comptes sociaux 2017
0;35;1;1;9;date;[984, 2078, 84, 34];34;text;Page_19;01_ARDIAN - Comptes sociaux 2017
0;35;1;1;10;du;[1083, 2078, 45, 32];32;text;Page_19;01_ARDIAN - Comptes sociaux 2017
0;35;1;1;11;13;[1147, 2078, 41, 34];34;text;Page_19;01_ARDIAN - Comptes sociaux 2017
0;35;1;1;12;juin;[1201, 2078, 67, 41];41;text;Page_19;01_ARDIAN - Comptes sociaux 2017
0;35;1;1;13;2013;[1283, 2078, 91, 32];32;text;Page_19;01_ARDIAN - Comptes sociaux 2017
0;35;1;1;14;par;[1392, 2086, 59, 32];32;text;Page_19;01_ARDIAN - Comptes sociaux 2017
0;35;1;1;15;ARDIAN;[1464, 2077, 158, 33];33;text;Page_19;01_ARDIAN - Comptes sociaux 2017
0;35;1;1;16;eu;[1640, 2084, 43, 25];25;text;Page_19;01_ARDIAN - Comptes sociaux 2017
0;35;1;1;17;profit;[1701, 2075, 93, 43];43;text;Page_19;01_ARDIAN - Comptes sociaux 2017
0;35;1;1;18;d'ARDIAN;[1809, 2075, 189, 34];34;text;Page_19;01_ARDIAN - Comptes sociaux 2017
0;35;1;1;19;investment;[2018, 2077, 202, 32];32;text;Page_19;01_ARDIAN - Comptes sociaux 2017
0;35;1;2;1;Singapore;[222, 2128, 186, 42];42;text;Page_19;01_ARDIAN - Comptes sociaux 2017
0;35;1;2;2;Pte;[424, 2128, 60, 33];33;text;Page_19;01_ARDIAN - Comptes sociaux 2017
0;35;1;2;3;Ltd;[499, 2128, 53, 33];33;text;Page_19;01_ARDIAN - Comptes sociaux 2017
0;35;1;2;4;&;[567, 2128, 21, 33];33;text;Page_19;01_ARDIAN - Comptes sociaux 2017
0;35;1;2;5;destination;[601, 2127, 200, 34];34;text;Page_19;01_ARDIAN - Comptes sociaux 2017
0;35;1;2;6;de;[816, 2127, 46, 33];33;text;Page_19;01_ARDIAN - Comptes sociaux 2017
0;35;1;2;7;la;[877, 2127, 29, 33];33;text;Page_19;01_ARDIAN - Comptes sociaux 2017
0;35;1;2;8;Monelary;[921, 2127, 178, 42];42;text;Page_19;01_ARDIAN - Comptes sociaux 2017
0;35;1;2;9;Aulhority;[1108, 2127, 169, 40];40;text;Page_19;01_ARDIAN - Comptes sociaux 2017
0;35;1;2;10;af;[1287, 2125, 39, 35];35;text;Page_19;01_ARDIAN - Comptes sociaux 2017
0;35;1;2;11;Singapore.;[1334, 2125, 196, 42];42;text;Page_19;01_ARDIAN - Comptes sociaux 2017
0;36;1;1;1;ARDIAN;[220, 2256, 156, 34];34;text;Page_19;01_ARDIAN - Comptes sociaux 2017
0;36;1;1;2;a;[391, 2265, 20, 24];24;text;Page_19;01_ARDIAN - Comptes sociaux 2017
0;36;1;1;3;instruit;[426, 2256, 121, 33];33;text;Page_19;01_ARDIAN - Comptes sociaux 2017
0;36;1;1;4;BNP;[561, 2256, 82, 34];34;text;Page_19;01_ARDIAN - Comptes sociaux 2017
0;36;1;1;5;Paribas;[658, 2254, 140, 35];35;text;Page_19;01_ARDIAN - Comptes sociaux 2017
0;36;1;1;6;afin;[813, 2254, 64, 35];35;text;Page_19;01_ARDIAN - Comptes sociaux 2017
0;36;1;1;7;que;[891, 2263, 67, 33];33;text;Page_19;01_ARDIAN - Comptes sociaux 2017
0;36;1;1;8;BNP;[973, 2254, 86, 35];35;text;Page_19;01_ARDIAN - Comptes sociaux 2017
0;36;1;1;9;Paribas,;[1074, 2253, 150, 39];39;text;Page_19;01_ARDIAN - Comptes sociaux 2017
0;36;1;1;10;via;[1238, 2254, 51, 33];33;text;Page_19;01_ARDIAN - Comptes sociaux 2017
0;36;1;1;11;BNP;[1305, 2253, 81, 34];34;text;Page_19;01_ARDIAN - Comptes sociaux 2017
0;36;1;1;12;Spain,;[1401, 2253, 114, 42];42;text;Page_19;01_ARDIAN - Comptes sociaux 2017
0;36;1;1;13;émette;[1530, 2254, 129, 32];32;text;Page_19;01_ARDIAN - Comptes sociaux 2017
0;36;1;1;14;ie;[1673, 2253, 30, 33];33;text;Page_19;01_ARDIAN - Comptes sociaux 2017
0;36;1;1;15;15;[1719, 2247, 30, 53];53;text;Page_19;01_ARDIAN - Comptes sociaux 2017
0;36;1;1;16;juiliet;[1740, 2251, 131, 44];44;text;Page_19;01_ARDIAN - Comptes sociaux 2017
0;36;1;1;17;2015;[1884, 2253, 90, 33];33;text;Page_19;01_ARDIAN - Comptes sociaux 2017
0;36;1;1;18;une;[1989, 2260, 68, 24];24;text;Page_19;01_ARDIAN - Comptes sociaux 2017
0;36;1;1;19;garantie;[2069, 2251, 148, 42];42;text;Page_19;01_ARDIAN - Comptes sociaux 2017
0;36;1;2;1;à;[222, 2305, 19, 33];33;text;Page_19;01_ARDIAN - Comptes sociaux 2017
0;36;1;2;2;première;[264, 2304, 159, 42];42;text;Page_19;01_ARDIAN - Comptes sociaux 2017
0;36;1;2;3;demande;[442, 2304, 174, 33];33;text;Page_19;01_ARDIAN - Comptes sociaux 2017
0;36;1;2;4;de;[634, 2304, 45, 33];33;text;Page_19;01_ARDIAN - Comptes sociaux 2017
0;36;1;2;5;37.440;[699, 2302, 126, 35];35;text;Page_19;01_ARDIAN - Comptes sociaux 2017
0;36;1;2;6;euros;[846, 2310, 102, 25];25;text;Page_19;01_ARDIAN - Comptes sociaux 2017
0;36;1;2;7;en;[967, 2311, 44, 24];24;text;Page_19;01_ARDIAN - Comptes sociaux 2017
0;36;1;2;8;faveur;[1032, 2302, 118, 33];33;text;Page_19;01_ARDIAN - Comptes sociaux 2017
0;36;1;2;9;du;[1167, 2302, 45, 33];33;text;Page_19;01_ARDIAN - Comptes sociaux 2017
0;36;1;2;10;bailleur;[1230, 2301, 135, 34];34;text;Page_19;01_ARDIAN - Comptes sociaux 2017
0;36;1;2;11;des;[1382, 2301, 66, 33];33;text;Page_19;01_ARDIAN - Comptes sociaux 2017
0;36;1;2;12;locaux;[1469, 2301, 120, 33];33;text;Page_19;01_ARDIAN - Comptes sociaux 2017
0;36;1;2;13;d'ARDIAN;[1605, 2299, 189, 35];35;text;Page_19;01_ARDIAN - Comptes sociaux 2017
0;36;1;2;14;Spain.;[1815, 2299, 117, 44];44;text;Page_19;01_ARDIAN - Comptes sociaux 2017
0;36;1;2;15;Cette;[1953, 2301, 98, 31];31;text;Page_19;01_ARDIAN - Comptes sociaux 2017
0;36;1;2;16;garantie;[2069, 2299, 150, 41];41;text;Page_19;01_ARDIAN - Comptes sociaux 2017
0;37;1;1;1;expirera;[222, 2353, 147, 42];42;text;Page_19;01_ARDIAN - Comptes sociaux 2017
0;37;1;1;2;au;[384, 2361, 43, 25];25;text;Page_19;01_ARDIAN - Comptes sociaux 2017
0;37;1;1;3;15;[445, 2352, 42, 34];34;text;Page_19;01_ARDIAN - Comptes sociaux 2017
0;37;1;1;4;juillet;[498, 2352, 96, 42];42;text;Page_19;01_ARDIAN - Comptes sociaux 2017
0;37;1;1;5;2023.;[606, 2352, 102, 33];33;text;Page_19;01_ARDIAN - Comptes sociaux 2017
0;38;1;1;1;ne,;[1108, 2427, 224, 23];23;text;Page_19;01_ARDIAN - Comptes sociaux 2017
0;38;1;1;2;ru;[1296, 2418, 27, 36];36;text;Page_19;01_ARDIAN - Comptes sociaux 2017
1;1;1;1;1;Entités;[283, 190, 121, 31];31;text;Page_19;01_ARDIAN - Comptes sociaux 2017
1;2;1;1;1;AÏMPE;[20, 317, 117, 32];32;text;Page_19;01_ARDIAN - Comptes sociaux 2017
1;2;1;1;2;&;[149, 317, 23, 30];30;text;Page_19;01_ARDIAN - Comptes sociaux 2017
1;2;1;1;3;Management;[185, 319, 219, 36];36;text;Page_19;01_ARDIAN - Comptes sociaux 2017
1;2;2;1;1;AXA;[20, 367, 75, 30];30;text;Page_19;01_ARDIAN - Comptes sociaux 2017
1;2;2;1;2;LBO;[107, 367, 72, 30];30;text;Page_19;01_ARDIAN - Comptes sociaux 2017
1;2;2;1;3;Fund;[194, 367, 84, 30];30;text;Page_19;01_ARDIAN - Comptes sociaux 2017
1;2;2;1;4;V;[289, 365, 25, 32];32;text;Page_19;01_ARDIAN - Comptes sociaux 2017
1;2;2;1;5;Core;[325, 367, 81, 30];30;text;Page_19;01_ARDIAN - Comptes sociaux 2017
1;2;3;1;1;AXA;[20, 416, 75, 32];32;text;Page_19;01_ARDIAN - Comptes sociaux 2017
1;2;3;1;2;LBO;[107, 415, 74, 31];31;text;Page_19;01_ARDIAN - Comptes sociaux 2017
1;2;3;1;3;Fund;[194, 415, 84, 33];33;text;Page_19;01_ARDIAN - Comptes sociaux 2017
1;2;3;1;4;V;[289, 415, 25, 31];31;text;Page_19;01_ARDIAN - Comptes sociaux 2017
1;2;3;1;5;Supplementary;[325, 415, 256, 39];39;text;Page_19;01_ARDIAN - Comptes sociaux 2017
1;2;3;2;1;AXA;[20, 466, 75, 31];31;text;Page_19;01_ARDIAN - Comptes sociaux 2017
1;2;3;2;2;Co-investment;[107, 464, 245, 32];32;text;Page_19;01_ARDIAN - Comptes sociaux 2017
1;2;3;2;3;Fund;[365, 464, 84, 32];32;text;Page_19;01_ARDIAN - Comptes sociaux 2017
1;2;3;2;4;IV;[461, 464, 36, 32];32;text;Page_19;01_ARDIAN - Comptes sociaux 2017
1;2;4;1;1;AXA;[20, 515, 75, 32];32;text;Page_19;01_ARDIAN - Comptes sociaux 2017
1;2;4;1;2;Co-investment;[107, 514, 246, 31];31;text;Page_19;01_ARDIAN - Comptes sociaux 2017
1;2;4;1;3;Fund;[365, 514, 84, 31];31;text;Page_19;01_ARDIAN - Comptes sociaux 2017
1;2;4;1;4;IV-B;[463, 514, 72, 31];31;text;Page_19;01_ARDIAN - Comptes sociaux 2017
1;2;5;1;1;AXA;[20, 565, 75, 31];31;text;Page_19;01_ARDIAN - Comptes sociaux 2017
1;2;5;1;2;Expansion;[109, 563, 174, 39];39;text;Page_19;01_ARDIAN - Comptes sociaux 2017
1;2;5;1;3;Fund;[296, 563, 81, 33];33;text;Page_19;01_ARDIAN - Comptes sociaux 2017
1;2;5;1;4;il;[391, 563, 30, 32];32;text;Page_19;01_ARDIAN - Comptes sociaux 2017
1;2;6;1;1;AXA;[20, 614, 75, 32];32;text;Page_19;01_ARDIAN - Comptes sociaux 2017
1;2;6;1;2;Expension;[109, 613, 174, 39];39;text;Page_19;01_ARDIAN - Comptes sociaux 2017
1;2;6;1;3;Fund;[296, 613, 81, 31];31;text;Page_19;01_ARDIAN - Comptes sociaux 2017
1;2;6;1;4;iii;[392, 613, 27, 31];31;text;Page_19;01_ARDIAN - Comptes sociaux 2017
1;2;6;1;5;ltalla;[436, 613, 76, 31];31;text;Page_19;01_ARDIAN - Comptes sociaux 2017
1;2;6;1;6;Parallel;[526, 613, 124, 31];31;text;Page_19;01_ARDIAN - Comptes sociaux 2017
1;2;6;2;1;Ardian;[20, 662, 108, 32];32;text;Page_19;01_ARDIAN - Comptes sociaux 2017
1;2;6;2;2;Ca-investment;[142, 662, 244, 32];32;text;Page_19;01_ARDIAN - Comptes sociaux 2017
1;2;6;2;3;Fund;[398, 661, 84, 33];33;text;Page_19;01_ARDIAN - Comptes sociaux 2017
1;2;6;2;4;IV;[497, 661, 35, 33];33;text;Page_19;01_ARDIAN - Comptes sociaux 2017
1;2;6;2;5;Europe;[544, 661, 121, 40];40;text;Page_19;01_ARDIAN - Comptes sociaux 2017
1;2;6;3;1;Ardian;[20, 709, 108, 31];31;text;Page_19;01_ARDIAN - Comptes sociaux 2017
1;2;6;3;2;Co-invesiment;[142, 709, 244, 31];31;text;Page_19;01_ARDIAN - Comptes sociaux 2017
1;2;6;3;3;Fund;[398, 707, 84, 33];33;text;Page_19;01_ARDIAN - Comptes sociaux 2017
1;2;6;3;4;{V;[497, 707, 35, 33];33;text;Page_19;01_ARDIAN - Comptes sociaux 2017
1;2;6;3;5;North;[544, 707, 90, 33];33;text;Page_19;01_ARDIAN - Comptes sociaux 2017
1;2;6;4;1;Americe;[20, 754, 140, 33];33;text;Page_19;01_ARDIAN - Comptes sociaux 2017
1;2;7;1;1;Ardlan;[20, 800, 108, 32];32;text;Page_19;01_ARDIAN - Comptes sociaux 2017
1;2;7;1;2;LBO;[142, 800, 72, 32];32;text;Page_19;01_ARDIAN - Comptes sociaux 2017
1;2;7;1;3;VIB;[226, 800, 72, 32];32;text;Page_19;01_ARDIAN - Comptes sociaux 2017
1;2;8;1;1;Ardian;[20, 849, 108, 33];33;text;Page_19;01_ARDIAN - Comptes sociaux 2017
1;2;8;1;2;Expansion;[143, 849, 173, 39];39;text;Page_19;01_ARDIAN - Comptes sociaux 2017
1;2;8;1;3;IV;[328, 849, 36, 31];31;text;Page_19;01_ARDIAN - Comptes sociaux 2017
1;2;8;1;4;B;[376, 849, 22, 30];30;text;Page_19;01_ARDIAN - Comptes sociaux 2017
1;2;9;1;1;FPS;[23, 898, 69, 30];30;text;Page_19;01_ARDIAN - Comptes sociaux 2017
1;2;9;1;2;Ardian;[103, 897, 109, 31];31;text;Page_19;01_ARDIAN - Comptes sociaux 2017
1;2;9;1;3;Fonds;[226, 897, 102, 31];31;text;Page_19;01_ARDIAN - Comptes sociaux 2017
1;2;9;1;4;de;[341, 897, 41, 30];30;text;Page_19;01_ARDIAN - Comptes sociaux 2017
1;2;9;1;5;Fonds;[395, 895, 104, 33];33;text;Page_19;01_ARDIAN - Comptes sociaux 2017
1;2;9;1;6;FRR;[512, 897, 77, 30];30;text;Page_19;01_ARDIAN - Comptes sociaux 2017
1;2;9;1;7;CI;[601, 895, 34, 32];32;text;Page_19;01_ARDIAN - Comptes sociaux 2017
1;2;9;2;1;Franca;[23, 942, 114, 30];30;text;Page_19;01_ARDIAN - Comptes sociaux 2017
1;2;10;1;1;FPS;[23, 985, 69, 32];32;text;Page_19;01_ARDIAN - Comptes sociaux 2017
1;2;10;1;2;ERAFP;[107, 984, 122, 33];33;text;Page_19;01_ARDIAN - Comptes sociaux 2017
1;2;10;1;3;infrastructures;[244, 984, 240, 33];33;text;Page_19;01_ARDIAN - Comptes sociaux 2017
1;2;10;2;1;Compartiment;[23, 1030, 237, 32];32;text;Page_19;01_ARDIAN - Comptes sociaux 2017
1;2;10;2;2;1;[274, 1029, 12, 31];31;text;Page_19;01_ARDIAN - Comptes sociaux 2017
1;3;1;1;1;Nombre;[721, 166, 144, 33];33;text;Page_19;01_ARDIAN - Comptes sociaux 2017
1;3;1;2;1;de;[718, 211, 43, 30];30;text;Page_19;01_ARDIAN - Comptes sociaux 2017
1;3;1;2;2;parts;[775, 212, 90, 36];36;text;Page_19;01_ARDIAN - Comptes sociaux 2017
1;4;1;1;1;510;[826, 316, 61, 31];31;text;Page_19;01_ARDIAN - Comptes sociaux 2017
1;4;2;1;1;48;[769, 365, 43, 32];32;text;Page_19;01_ARDIAN - Comptes sociaux 2017
1;4;2;1;2;900;[826, 365, 61, 30];30;text;Page_19;01_ARDIAN - Comptes sociaux 2017
1;4;2;2;1;12;[772, 415, 40, 31];31;text;Page_19;01_ARDIAN - Comptes sociaux 2017
1;4;2;2;2;229;[826, 415, 61, 30];30;text;Page_19;01_ARDIAN - Comptes sociaux 2017
1;4;2;3;1;5;[793, 464, 19, 29];29;text;Page_19;01_ARDIAN - Comptes sociaux 2017
1;4;2;3;2;744;[823, 463, 64, 31];31;text;Page_19;01_ARDIAN - Comptes sociaux 2017
1;4;2;4;1;460;[824, 514, 63, 30];30;text;Page_19;01_ARDIAN - Comptes sociaux 2017
1;4;2;5;1;14;[772, 562, 42, 31];31;text;Page_19;01_ARDIAN - Comptes sociaux 2017
1;4;2;5;2;990;[826, 563, 61, 30];30;text;Page_19;01_ARDIAN - Comptes sociaux 2017
1;4;2;6;1;699;[826, 613, 61, 30];30;text;Page_19;01_ARDIAN - Comptes sociaux 2017
1;4;3;1;1;2;[793, 661, 21, 30];30;text;Page_19;01_ARDIAN - Comptes sociaux 2017
1;4;3;1;2;969;[826, 662, 63, 30];30;text;Page_19;01_ARDIAN - Comptes sociaux 2017
1;5;1;1;1;4731;[793, 730, 90, 31];31;text;Page_19;01_ARDIAN - Comptes sociaux 2017
1;6;1;1;1;104;[752, 799, 60, 32];32;text;Page_19;01_ARDIAN - Comptes sociaux 2017
1;6;1;1;2;141;[829, 799, 54, 32];32;text;Page_19;01_ARDIAN - Comptes sociaux 2017
1;6;1;2;1;26;[772, 849, 42, 30];30;text;Page_19;01_ARDIAN - Comptes sociaux 2017
1;6;1;2;2;252;[826, 849, 63, 30];30;text;Page_19;01_ARDIAN - Comptes sociaux 2017
1;7;1;1;1;750;[826, 940, 63, 30];30;text;Page_19;01_ARDIAN - Comptes sociaux 2017
1;8;1;1;1;100;[829, 1029, 61, 31];31;text;Page_19;01_ARDIAN - Comptes sociaux 2017
1;9;1;1;1;Catégorie;[950, 166, 175, 37];37;text;Page_19;01_ARDIAN - Comptes sociaux 2017
1;9;1;1;2;des;[1137, 166, 63, 30];30;text;Page_19;01_ARDIAN - Comptes sociaux 2017
1;9;1;2;1;parts;[1032, 211, 88, 37];37;text;Page_19;01_ARDIAN - Comptes sociaux 2017
1;10;1;1;1;Parts;[940, 314, 86, 33];33;text;Page_19;01_ARDIAN - Comptes sociaux 2017
1;10;1;1;2;prioritaires;[1038, 315, 175, 40];40;text;Page_19;01_ARDIAN - Comptes sociaux 2017
1;10;1;2;1;Parts;[928, 365, 86, 30];30;text;Page_19;01_ARDIAN - Comptes sociaux 2017
1;10;1;2;2;ordinalres;[1026, 364, 165, 31];31;text;Page_19;01_ARDIAN - Comptes sociaux 2017
1;10;1;2;3;B;[1204, 364, 21, 30];30;text;Page_19;01_ARDIAN - Comptes sociaux 2017
1;10;1;3;1;Parts;[928, 415, 86, 30];30;text;Page_19;01_ARDIAN - Comptes sociaux 2017
1;10;1;3;2;ordinaires;[1026, 412, 163, 33];33;text;Page_19;01_ARDIAN - Comptes sociaux 2017
1;10;1;3;3;B;[1204, 413, 21, 30];30;text;Page_19;01_ARDIAN - Comptes sociaux 2017
1;10;1;4;1;Parts;[929, 463, 85, 31];31;text;Page_19;01_ARDIAN - Comptes sociaux 2017
1;10;1;4;2;ordinaires;[1026, 461, 165, 33];33;text;Page_19;01_ARDIAN - Comptes sociaux 2017
1;10;1;4;3;B;[1204, 463, 21, 30];30;text;Page_19;01_ARDIAN - Comptes sociaux 2017
1;10;1;5;1;Parts;[929, 512, 85, 32];32;text;Page_19;01_ARDIAN - Comptes sociaux 2017
1;10;1;5;2;ordinaires;[1026, 512, 165, 32];32;text;Page_19;01_ARDIAN - Comptes sociaux 2017
1;10;1;5;3;B;[1204, 512, 21, 30];30;text;Page_19;01_ARDIAN - Comptes sociaux 2017
1;10;1;6;1;Parts;[929, 562, 85, 31];31;text;Page_19;01_ARDIAN - Comptes sociaux 2017
1;10;1;6;2;ordinaires;[1026, 562, 165, 31];31;text;Page_19;01_ARDIAN - Comptes sociaux 2017
1;10;1;6;3;B;[1204, 562, 23, 30];30;text;Page_19;01_ARDIAN - Comptes sociaux 2017
1;10;1;7;1;Parts;[929, 611, 86, 32];32;text;Page_19;01_ARDIAN - Comptes sociaux 2017
1;10;1;7;2;ordineires;[1026, 611, 166, 32];32;text;Page_19;01_ARDIAN - Comptes sociaux 2017
1;10;1;7;3;B;[1204, 611, 23, 30];30;text;Page_19;01_ARDIAN - Comptes sociaux 2017
1;10;1;8;1;Perts;[929, 661, 85, 31];31;text;Page_19;01_ARDIAN - Comptes sociaux 2017
1;10;1;8;2;ordinelres;[1026, 659, 166, 32];32;text;Page_19;01_ARDIAN - Comptes sociaux 2017
1;10;1;8;3;B;[1204, 661, 23, 30];30;text;Page_19;01_ARDIAN - Comptes sociaux 2017
1;11;1;1;1;Parts;[929, 730, 86, 31];31;text;Page_19;01_ARDIAN - Comptes sociaux 2017
1;11;1;1;2;ordinaires;[1027, 730, 165, 31];31;text;Page_19;01_ARDIAN - Comptes sociaux 2017
1;11;1;1;3;B;[1204, 730, 23, 30];30;text;Page_19;01_ARDIAN - Comptes sociaux 2017
1;12;1;1;1;Parts;[929, 799, 86, 32];32;text;Page_19;01_ARDIAN - Comptes sociaux 2017
1;12;1;1;2;ordinaires;[1027, 799, 165, 32];32;text;Page_19;01_ARDIAN - Comptes sociaux 2017
1;12;1;1;3;B;[1206, 799, 22, 30];30;text;Page_19;01_ARDIAN - Comptes sociaux 2017
1;12;1;2;1;Parts;[929, 849, 86, 30];30;text;Page_19;01_ARDIAN - Comptes sociaux 2017
1;12;1;2;2;ordinaires;[1027, 847, 165, 32];32;text;Page_19;01_ARDIAN - Comptes sociaux 2017
1;12;1;2;3;B;[1206, 847, 21, 30];30;text;Page_19;01_ARDIAN - Comptes sociaux 2017
1;13;1;1;1;Parts;[931, 918, 84, 30];30;text;Page_19;01_ARDIAN - Comptes sociaux 2017
1;13;1;1;2;ordinaires;[1029, 916, 163, 32];32;text;Page_19;01_ARDIAN - Comptes sociaux 2017
1;13;1;1;3;B;[1206, 916, 22, 30];30;text;Page_19;01_ARDIAN - Comptes sociaux 2017
1;14;1;1;1;Parts;[931, 1005, 86, 31];31;text;Page_19;01_ARDIAN - Comptes sociaux 2017
1;14;1;1;2;ordinaires;[1029, 1005, 163, 31];31;text;Page_19;01_ARDIAN - Comptes sociaux 2017
1;14;1;1;3;B;[1206, 1005, 22, 30];30;text;Page_19;01_ARDIAN - Comptes sociaux 2017
1;15;1;1;1;ENGAGEMENT;[1576, 16, 272, 31];31;text;Page_19;01_ARDIAN - Comptes sociaux 2017
1;15;1;1;2;HORS;[1860, 16, 106, 31];31;text;Page_19;01_ARDIAN - Comptes sociaux 2017
1;15;1;2;1;BILAN;[1716, 61, 111, 30];30;text;Page_19;01_ARDIAN - Comptes sociaux 2017
1;16;1;1;1;Montant;[1309, 143, 149, 30];30;text;Page_19;01_ARDIAN - Comptes sociaux 2017
1;16;1;2;1;souscrit;[1281, 187, 150, 30];30;text;Page_19;01_ARDIAN - Comptes sociaux 2017
1;16;1;2;2;en;[1441, 194, 42, 23];23;text;Page_19;01_ARDIAN - Comptes sociaux 2017
1;16;1;3;1;deviaea;[1314, 230, 138, 32];32;text;Page_19;01_ARDIAN - Comptes sociaux 2017
1;17;1;1;1;ilbéré;[1567, 163, 101, 31];31;text;Page_19;01_ARDIAN - Comptes sociaux 2017
1;17;1;1;2;au;[1680, 172, 42, 22];22;text;Page_19;01_ARDIAN - Comptes sociaux 2017
1;17;1;2;1;31/1272017;[1549, 206, 191, 33];33;text;Page_19;01_ARDIAN - Comptes sociaux 2017
1;17;1;3;1;en;[1548, 260, 40, 23];23;text;Page_19;01_ARDIAN - Comptes sociaux 2017
1;17;1;3;2;devisss;[1602, 251, 138, 32];32;text;Page_19;01_ARDIAN - Comptes sociaux 2017
1;17;1;4;1;87;[1611, 314, 42, 30];30;text;Page_19;01_ARDIAN - Comptes sociaux 2017
1;17;1;4;2;365;[1665, 314, 61, 30];30;text;Page_19;01_ARDIAN - Comptes sociaux 2017
1;17;1;4;3;$;[1738, 313, 20, 34];34;text;Page_19;01_ARDIAN - Comptes sociaux 2017
1;17;1;5;1;208;[1588, 364, 63, 28];28;text;Page_19;01_ARDIAN - Comptes sociaux 2017
1;17;1;5;2;348€;[1665, 362, 94, 30];30;text;Page_19;01_ARDIAN - Comptes sociaux 2017
1;17;1;6;1;131;[1591, 410, 56, 32];32;text;Page_19;01_ARDIAN - Comptes sociaux 2017
1;17;1;6;2;456;[1663, 412, 63, 30];30;text;Page_19;01_ARDIAN - Comptes sociaux 2017
1;17;1;6;3;€;[1737, 412, 24, 30];30;text;Page_19;01_ARDIAN - Comptes sociaux 2017
1;17;1;7;1;128;[1591, 461, 60, 33];33;text;Page_19;01_ARDIAN - Comptes sociaux 2017
1;17;1;7;2;311€;[1665, 460, 96, 31];31;text;Page_19;01_ARDIAN - Comptes sociaux 2017
1;17;1;8;1;9;[1635, 512, 18, 29];29;text;Page_19;01_ARDIAN - Comptes sociaux 2017
1;17;1;8;2;895;[1665, 511, 61, 30];30;text;Page_19;01_ARDIAN - Comptes sociaux 2017
1;17;1;8;3;€;[1738, 511, 23, 30];30;text;Page_19;01_ARDIAN - Comptes sociaux 2017
1;17;1;9;1;107;[1591, 559, 62, 31];31;text;Page_19;01_ARDIAN - Comptes sociaux 2017
1;17;1;9;2;359;[1665, 560, 61, 30];30;text;Page_19;01_ARDIAN - Comptes sociaux 2017
1;17;1;9;3;€;[1737, 560, 24, 30];30;text;Page_19;01_ARDIAN - Comptes sociaux 2017
1;17;1;10;1;24;[1612, 608, 42, 32];32;text;Page_19;01_ARDIAN - Comptes sociaux 2017
1;17;1;10;2;150;[1668, 610, 60, 31];31;text;Page_19;01_ARDIAN - Comptes sociaux 2017
1;17;1;10;3;€;[1738, 610, 23, 30];30;text;Page_19;01_ARDIAN - Comptes sociaux 2017
1;17;1;11;1;44;[1611, 658, 43, 33];33;text;Page_19;01_ARDIAN - Comptes sociaux 2017
1;17;1;11;2;557;[1665, 658, 63, 31];31;text;Page_19;01_ARDIAN - Comptes sociaux 2017
1;17;1;11;3;€;[1740, 659, 21, 30];30;text;Page_19;01_ARDIAN - Comptes sociaux 2017
1;18;1;1;1;69;[1612, 728, 42, 30];30;text;Page_19;01_ARDIAN - Comptes sociaux 2017
1;18;1;1;2;172$;[1669, 727, 90, 36];36;text;Page_19;01_ARDIAN - Comptes sociaux 2017
1;19;1;1;1;6;[1560, 797, 19, 31];31;text;Page_19;01_ARDIAN - Comptes sociaux 2017
1;19;1;1;2;154;[1594, 797, 60, 31];31;text;Page_19;01_ARDIAN - Comptes sociaux 2017
1;19;1;1;3;733;[1666, 796, 62, 32];32;text;Page_19;01_ARDIAN - Comptes sociaux 2017
1;19;1;1;4;€;[1740, 797, 21, 31];31;text;Page_19;01_ARDIAN - Comptes sociaux 2017
1;19;1;2;1;1;[1561, 846, 12, 31];31;text;Page_19;01_ARDIAN - Comptes sociaux 2017
1;19;1;2;2;324;[1591, 847, 63, 30];30;text;Page_19;01_ARDIAN - Comptes sociaux 2017
1;19;1;2;3;228;[1666, 846, 63, 31];31;text;Page_19;01_ARDIAN - Comptes sociaux 2017
1;19;1;2;4;€;[1740, 846, 21, 30];30;text;Page_19;01_ARDIAN - Comptes sociaux 2017
1;20;1;1;1;80;[1614, 915, 40, 30];30;text;Page_19;01_ARDIAN - Comptes sociaux 2017
1;20;1;1;2;000;[1668, 915, 61, 30];30;text;Page_19;01_ARDIAN - Comptes sociaux 2017
1;20;1;1;3;€;[1740, 915, 22, 30];30;text;Page_19;01_ARDIAN - Comptes sociaux 2017
1;21;1;1;1;500;[1333, 316, 60, 30];30;text;Page_19;01_ARDIAN - Comptes sociaux 2017
1;21;1;1;2;000;[1407, 316, 61, 30];30;text;Page_19;01_ARDIAN - Comptes sociaux 2017
1;21;1;1;3;$;[1482, 314, 18, 35];35;text;Page_19;01_ARDIAN - Comptes sociaux 2017
1;21;1;2;1;4;[1299, 364, 21, 30];30;text;Page_19;01_ARDIAN - Comptes sociaux 2017
1;21;1;2;2;890;[1332, 364, 61, 31];31;text;Page_19;01_ARDIAN - Comptes sociaux 2017
1;21;1;2;3;000;[1407, 364, 61, 30];30;text;Page_19;01_ARDIAN - Comptes sociaux 2017
1;21;1;2;4;€;[1480, 364, 23, 28];28;text;Page_19;01_ARDIAN - Comptes sociaux 2017
1;21;1;3;1;1;[1302, 412, 12, 31];31;text;Page_19;01_ARDIAN - Comptes sociaux 2017
1;21;1;3;2;222;[1333, 412, 63, 31];31;text;Page_19;01_ARDIAN - Comptes sociaux 2017
1;21;1;3;3;900;[1407, 413, 61, 30];30;text;Page_19;01_ARDIAN - Comptes sociaux 2017
1;21;1;3;4;€;[1480, 413, 23, 30];30;text;Page_19;01_ARDIAN - Comptes sociaux 2017
1;21;2;1;1;574;[1332, 463, 61, 30];30;text;Page_19;01_ARDIAN - Comptes sociaux 2017
1;21;2;1;2;400;[1405, 461, 63, 32];32;text;Page_19;01_ARDIAN - Comptes sociaux 2017
1;21;2;1;3;€;[1480, 463, 23, 30];30;text;Page_19;01_ARDIAN - Comptes sociaux 2017
1;21;3;1;1;46;[1353, 511, 42, 31];31;text;Page_19;01_ARDIAN - Comptes sociaux 2017
1;21;3;1;2;000;[1407, 512, 63, 30];30;text;Page_19;01_ARDIAN - Comptes sociaux 2017
1;21;3;1;3;€;[1480, 512, 23, 30];30;text;Page_19;01_ARDIAN - Comptes sociaux 2017
1;21;4;1;1;1;[1303, 560, 12, 32];32;text;Page_19;01_ARDIAN - Comptes sociaux 2017
1;21;4;1;2;499;[1333, 562, 62, 30];30;text;Page_19;01_ARDIAN - Comptes sociaux 2017
1;21;4;1;3;000;[1407, 562, 63, 28];28;text;Page_19;01_ARDIAN - Comptes sociaux 2017
1;21;4;1;4;€;[1480, 562, 24, 28];28;text;Page_19;01_ARDIAN - Comptes sociaux 2017
1;21;4;2;1;69;[1354, 611, 42, 30];30;text;Page_19;01_ARDIAN - Comptes sociaux 2017
1;21;4;2;2;900;[1407, 611, 63, 29];29;text;Page_19;01_ARDIAN - Comptes sociaux 2017
1;21;4;2;3;€;[1480, 610, 24, 30];30;text;Page_19;01_ARDIAN - Comptes sociaux 2017
1;21;4;3;1;296;[1333, 659, 62, 30];30;text;Page_19;01_ARDIAN - Comptes sociaux 2017
1;21;4;3;2;900;[1408, 659, 62, 30];30;text;Page_19;01_ARDIAN - Comptes sociaux 2017
1;21;4;3;3;€;[1480, 659, 24, 30];30;text;Page_19;01_ARDIAN - Comptes sociaux 2017
1;22;1;1;1;473;[1332, 728, 63, 32];32;text;Page_19;01_ARDIAN - Comptes sociaux 2017
1;22;1;1;2;100;[1410, 728, 60, 32];32;text;Page_19;01_ARDIAN - Comptes sociaux 2017
1;22;1;1;3;$;[1483, 728, 20, 35];35;text;Page_19;01_ARDIAN - Comptes sociaux 2017
1;23;1;1;1;10;[1282, 800, 39, 31];31;text;Page_19;01_ARDIAN - Comptes sociaux 2017
1;23;1;1;2;414;[1332, 799, 64, 32];32;text;Page_19;01_ARDIAN - Comptes sociaux 2017
1;23;1;1;3;100;[1410, 795, 60, 51];51;text;Page_19;01_ARDIAN - Comptes sociaux 2017
1;23;1;1;4;€;[1480, 800, 24, 31];31;text;Page_19;01_ARDIAN - Comptes sociaux 2017
1;23;1;2;1;2;[1302, 847, 21, 30];30;text;Page_19;01_ARDIAN - Comptes sociaux 2017
1;23;1;2;2;625;[1333, 847, 63, 30];30;text;Page_19;01_ARDIAN - Comptes sociaux 2017
1;23;1;2;3;200;[1408, 847, 61, 30];30;text;Page_19;01_ARDIAN - Comptes sociaux 2017
1;23;1;2;4;€;[1482, 847, 21, 30];30;text;Page_19;01_ARDIAN - Comptes sociaux 2017
1;24;1;1;1;75;[1356, 915, 40, 31];31;text;Page_19;01_ARDIAN - Comptes sociaux 2017
1;24;1;1;2;O0C;[1410, 916, 61, 30];30;text;Page_19;01_ARDIAN - Comptes sociaux 2017
1;24;1;1;3;€;[1482, 916, 22, 30];30;text;Page_19;01_ARDIAN - Comptes sociaux 2017
1;25;1;1;1;100;[1336, 1005, 60, 30];30;text;Page_19;01_ARDIAN - Comptes sociaux 2017
1;25;1;1;2;OG0;[1410, 1005, 60, 28];28;text;Page_19;01_ARDIAN - Comptes sociaux 2017
1;25;1;1;3;€;[1482, 1005, 22, 28];28;text;Page_19;01_ARDIAN - Comptes sociaux 2017
1;25;1;1;4;80;[1614, 1005, 40, 28];28;text;Page_19;01_ARDIAN - Comptes sociaux 2017
1;25;1;1;5;000;[1668, 1003, 61, 30];30;text;Page_19;01_ARDIAN - Comptes sociaux 2017
1;25;1;1;6;€;[1740, 1003, 22, 30];30;text;Page_19;01_ARDIAN - Comptes sociaux 2017
1;26;1;1;1;Montant;[1530, 121, 150, 30];30;text;Page_19;01_ARDIAN - Comptes sociaux 2017
1;26;1;1;2;non;[1690, 127, 66, 22];22;text;Page_19;01_ARDIAN - Comptes sociaux 2017
1;26;1;1;3;|;[1751, 103, 35, 52];52;text;Page_19;01_ARDIAN - Comptes sociaux 2017
1;26;1;1;4;Montant;[1788, 107, 147, 30];30;text;Page_19;01_ARDIAN - Comptes sociaux 2017
1;26;1;1;5;non;[1947, 115, 64, 22];22;text;Page_19;01_ARDIAN - Comptes sociaux 2017
1;27;1;1;1;libéré;[1824, 151, 99, 31];31;text;Page_19;01_ARDIAN - Comptes sociaux 2017
1;27;1;1;2;au;[1935, 158, 40, 24];24;text;Page_19;01_ARDIAN - Comptes sociaux 2017
1;27;1;2;1;31/12/2017;[1807, 193, 188, 34];34;text;Page_19;01_ARDIAN - Comptes sociaux 2017
1;27;1;3;1;an;[1822, 248, 41, 23];23;text;Page_19;01_ARDIAN - Comptes sociaux 2017
1;27;1;3;2;euros;[1876, 247, 102, 24];24;text;Page_19;01_ARDIAN - Comptes sociaux 2017
1;28;1;1;1;6;[1816, 799, 18, 30];30;text;Page_19;01_ARDIAN - Comptes sociaux 2017
1;28;1;1;2;154;[1849, 799, 59, 30];30;text;Page_19;01_ARDIAN - Comptes sociaux 2017
1;28;1;1;3;733€;[1921, 799, 97, 32];32;text;Page_19;01_ARDIAN - Comptes sociaux 2017
1;28;1;2;1;1;[1819, 846, 12, 31];31;text;Page_19;01_ARDIAN - Comptes sociaux 2017
1;28;1;2;2;324;[1848, 846, 61, 30];30;text;Page_19;01_ARDIAN - Comptes sociaux 2017
1;28;1;2;3;228;[1923, 846, 61, 30];30;text;Page_19;01_ARDIAN - Comptes sociaux 2017
1;28;1;2;4;€;[1995, 846, 23, 30];30;text;Page_19;01_ARDIAN - Comptes sociaux 2017
1;29;1;1;1;60;[1870, 915, 39, 30];30;text;Page_19;01_ARDIAN - Comptes sociaux 2017
1;29;1;1;2;000;[1923, 915, 61, 30];30;text;Page_19;01_ARDIAN - Comptes sociaux 2017
1;29;1;1;3;€;[1996, 915, 22, 30];30;text;Page_19;01_ARDIAN - Comptes sociaux 2017
1;29;1;2;1;80;[1870, 1003, 41, 30];30;text;Page_19;01_ARDIAN - Comptes sociaux 2017
1;29;1;2;2;000;[1923, 1003, 61, 30];30;text;Page_19;01_ARDIAN - Comptes sociaux 2017
1;29;1;2;3;€;[1996, 1003, 22, 30];30;text;Page_19;01_ARDIAN - Comptes sociaux 2017
1;30;1;1;1;;[0, 4, 2037, 1066];1066;text;Page_19;01_ARDIAN - Comptes sociaux 2017
2;1;1;1;1;AÏMPE;[9, 9, 117, 32];32;text;Page_19;01_ARDIAN - Comptes sociaux 2017
2;1;1;1;2;&;[138, 9, 23, 30];30;text;Page_19;01_ARDIAN - Comptes sociaux 2017
2;1;1;1;3;Management;[174, 11, 219, 36];36;text;Page_19;01_ARDIAN - Comptes sociaux 2017
2;1;2;1;1;AXA;[9, 59, 75, 30];30;text;Page_19;01_ARDIAN - Comptes sociaux 2017
2;1;2;1;2;LBO;[96, 59, 72, 30];30;text;Page_19;01_ARDIAN - Comptes sociaux 2017
2;1;2;1;3;Fund;[183, 59, 84, 30];30;text;Page_19;01_ARDIAN - Comptes sociaux 2017
2;1;2;1;4;V;[278, 57, 25, 32];32;text;Page_19;01_ARDIAN - Comptes sociaux 2017
2;1;2;1;5;Core;[314, 59, 81, 30];30;text;Page_19;01_ARDIAN - Comptes sociaux 2017
2;1;3;1;1;AXA;[9, 108, 75, 32];32;text;Page_19;01_ARDIAN - Comptes sociaux 2017
2;1;3;1;2;LBO;[96, 107, 74, 31];31;text;Page_19;01_ARDIAN - Comptes sociaux 2017
2;1;3;1;3;Fund;[183, 107, 84, 33];33;text;Page_19;01_ARDIAN - Comptes sociaux 2017
2;1;3;1;4;V;[278, 107, 25, 31];31;text;Page_19;01_ARDIAN - Comptes sociaux 2017
2;1;3;1;5;Supplementary;[314, 107, 256, 39];39;text;Page_19;01_ARDIAN - Comptes sociaux 2017
2;1;3;2;1;AXA;[9, 158, 75, 31];31;text;Page_19;01_ARDIAN - Comptes sociaux 2017
2;1;3;2;2;Co-investment;[96, 156, 245, 32];32;text;Page_19;01_ARDIAN - Comptes sociaux 2017
2;1;3;2;3;Fund;[354, 156, 84, 32];32;text;Page_19;01_ARDIAN - Comptes sociaux 2017
2;1;3;2;4;IV;[450, 156, 36, 32];32;text;Page_19;01_ARDIAN - Comptes sociaux 2017
2;1;4;1;1;AXA;[9, 207, 75, 32];32;text;Page_19;01_ARDIAN - Comptes sociaux 2017
2;1;4;1;2;Co-investment;[96, 206, 246, 31];31;text;Page_19;01_ARDIAN - Comptes sociaux 2017
2;1;4;1;3;Fund;[354, 206, 84, 31];31;text;Page_19;01_ARDIAN - Comptes sociaux 2017
2;1;4;1;4;IV-B;[452, 206, 72, 31];31;text;Page_19;01_ARDIAN - Comptes sociaux 2017
2;1;5;1;1;AXA;[9, 257, 75, 31];31;text;Page_19;01_ARDIAN - Comptes sociaux 2017
2;1;5;1;2;Expansion;[98, 255, 174, 39];39;text;Page_19;01_ARDIAN - Comptes sociaux 2017
2;1;5;1;3;Fund;[285, 255, 81, 33];33;text;Page_19;01_ARDIAN - Comptes sociaux 2017
2;1;5;1;4;il;[380, 255, 30, 32];32;text;Page_19;01_ARDIAN - Comptes sociaux 2017
2;1;6;1;1;AXA;[9, 306, 75, 32];32;text;Page_19;01_ARDIAN - Comptes sociaux 2017
2;1;6;1;2;Expension;[98, 305, 174, 39];39;text;Page_19;01_ARDIAN - Comptes sociaux 2017
2;1;6;1;3;Fund;[285, 305, 81, 31];31;text;Page_19;01_ARDIAN - Comptes sociaux 2017
2;1;6;1;4;iii;[381, 305, 27, 31];31;text;Page_19;01_ARDIAN - Comptes sociaux 2017
2;1;6;1;5;ltalla;[425, 305, 76, 31];31;text;Page_19;01_ARDIAN - Comptes sociaux 2017
2;1;6;1;6;Parallel;[515, 305, 124, 31];31;text;Page_19;01_ARDIAN - Comptes sociaux 2017
2;1;6;2;1;Ardian;[9, 354, 108, 32];32;text;Page_19;01_ARDIAN - Comptes sociaux 2017
2;1;6;2;2;Ca-investment;[131, 354, 244, 32];32;text;Page_19;01_ARDIAN - Comptes sociaux 2017
2;1;6;2;3;Fund;[387, 353, 84, 33];33;text;Page_19;01_ARDIAN - Comptes sociaux 2017
2;1;6;2;4;IV;[486, 353, 35, 33];33;text;Page_19;01_ARDIAN - Comptes sociaux 2017
2;1;6;2;5;Europe;[533, 353, 121, 40];40;text;Page_19;01_ARDIAN - Comptes sociaux 2017
2;1;6;3;1;Ardian;[9, 401, 108, 31];31;text;Page_19;01_ARDIAN - Comptes sociaux 2017
2;1;6;3;2;Co-invesiment;[131, 401, 244, 31];31;text;Page_19;01_ARDIAN - Comptes sociaux 2017
2;1;6;3;3;Fund;[387, 399, 84, 33];33;text;Page_19;01_ARDIAN - Comptes sociaux 2017
2;1;6;3;4;{V;[486, 399, 35, 33];33;text;Page_19;01_ARDIAN - Comptes sociaux 2017
2;1;6;3;5;North;[533, 399, 90, 33];33;text;Page_19;01_ARDIAN - Comptes sociaux 2017
2;1;6;4;1;Americe;[9, 446, 140, 33];33;text;Page_19;01_ARDIAN - Comptes sociaux 2017
2;1;7;1;1;Ardlan;[9, 492, 108, 32];32;text;Page_19;01_ARDIAN - Comptes sociaux 2017
2;1;7;1;2;LBO;[131, 492, 72, 32];32;text;Page_19;01_ARDIAN - Comptes sociaux 2017
2;1;7;1;3;VIB;[215, 492, 72, 32];32;text;Page_19;01_ARDIAN - Comptes sociaux 2017
2;1;8;1;1;Ardian;[9, 541, 108, 33];33;text;Page_19;01_ARDIAN - Comptes sociaux 2017
2;1;8;1;2;Expansion;[132, 541, 173, 39];39;text;Page_19;01_ARDIAN - Comptes sociaux 2017
2;1;8;1;3;IV;[317, 541, 36, 31];31;text;Page_19;01_ARDIAN - Comptes sociaux 2017
2;1;8;1;4;B;[365, 541, 22, 30];30;text;Page_19;01_ARDIAN - Comptes sociaux 2017
2;1;9;1;1;FPS;[12, 590, 69, 30];30;text;Page_19;01_ARDIAN - Comptes sociaux 2017
2;1;9;1;2;Ardian;[92, 589, 109, 31];31;text;Page_19;01_ARDIAN - Comptes sociaux 2017
2;1;9;1;3;Fonds;[215, 589, 102, 31];31;text;Page_19;01_ARDIAN - Comptes sociaux 2017
2;1;9;1;4;de;[330, 589, 41, 30];30;text;Page_19;01_ARDIAN - Comptes sociaux 2017
2;1;9;1;5;Fonds;[384, 587, 104, 33];33;text;Page_19;01_ARDIAN - Comptes sociaux 2017
2;1;9;1;6;FRR;[501, 589, 77, 30];30;text;Page_19;01_ARDIAN - Comptes sociaux 2017
2;1;9;1;7;CI;[590, 587, 34, 32];32;text;Page_19;01_ARDIAN - Comptes sociaux 2017
2;1;9;2;1;Franca;[12, 634, 114, 30];30;text;Page_19;01_ARDIAN - Comptes sociaux 2017
2;1;10;1;1;FPS;[12, 677, 69, 32];32;text;Page_19;01_ARDIAN - Comptes sociaux 2017
2;1;10;1;2;ERAFP;[96, 676, 122, 33];33;text;Page_19;01_ARDIAN - Comptes sociaux 2017
2;1;10;1;3;infrastructures;[233, 676, 240, 33];33;text;Page_19;01_ARDIAN - Comptes sociaux 2017
2;1;10;2;1;Comoartiment;[12, 722, 237, 32];32;text;Page_19;01_ARDIAN - Comptes sociaux 2017
2;1;10;2;2;1;[263, 721, 12, 31];31;text;Page_19;01_ARDIAN - Comptes sociaux 2017
2;2;1;1;1;510;[815, 8, 61, 31];31;text;Page_19;01_ARDIAN - Comptes sociaux 2017
2;2;2;1;1;48;[758, 57, 43, 32];32;text;Page_19;01_ARDIAN - Comptes sociaux 2017
2;2;2;1;2;900;[815, 57, 61, 30];30;text;Page_19;01_ARDIAN - Comptes sociaux 2017
2;2;2;2;1;12;[761, 107, 40, 31];31;text;Page_19;01_ARDIAN - Comptes sociaux 2017
2;2;2;2;2;229;[815, 107, 61, 30];30;text;Page_19;01_ARDIAN - Comptes sociaux 2017
2;2;2;3;1;5;[782, 156, 19, 29];29;text;Page_19;01_ARDIAN - Comptes sociaux 2017
2;2;2;3;2;744;[812, 155, 64, 31];31;text;Page_19;01_ARDIAN - Comptes sociaux 2017
2;2;2;4;1;460;[813, 206, 63, 30];30;text;Page_19;01_ARDIAN - Comptes sociaux 2017
2;2;2;5;1;14;[761, 254, 42, 31];31;text;Page_19;01_ARDIAN - Comptes sociaux 2017
2;2;2;5;2;990;[815, 255, 61, 30];30;text;Page_19;01_ARDIAN - Comptes sociaux 2017
2;2;2;6;1;699;[815, 305, 61, 30];30;text;Page_19;01_ARDIAN - Comptes sociaux 2017
2;2;3;1;1;2;[782, 353, 21, 30];30;text;Page_19;01_ARDIAN - Comptes sociaux 2017
2;2;3;1;2;969;[815, 354, 63, 30];30;text;Page_19;01_ARDIAN - Comptes sociaux 2017
2;3;1;1;1;4731;[782, 422, 90, 31];31;text;Page_19;01_ARDIAN - Comptes sociaux 2017
2;4;1;1;1;104;[741, 491, 60, 32];32;text;Page_19;01_ARDIAN - Comptes sociaux 2017
2;4;1;1;2;141;[818, 491, 54, 32];32;text;Page_19;01_ARDIAN - Comptes sociaux 2017
2;4;1;2;1;26;[761, 541, 42, 30];30;text;Page_19;01_ARDIAN - Comptes sociaux 2017
2;4;1;2;2;252;[815, 541, 63, 30];30;text;Page_19;01_ARDIAN - Comptes sociaux 2017
2;5;1;1;1;750;[815, 632, 63, 30];30;text;Page_19;01_ARDIAN - Comptes sociaux 2017
2;5;1;2;1;100;[818, 721, 61, 31];31;text;Page_19;01_ARDIAN - Comptes sociaux 2017
2;6;1;1;1;Parts;[929, 6, 86, 33];33;text;Page_19;01_ARDIAN - Comptes sociaux 2017
2;6;1;1;2;prioritaires;[1027, 7, 175, 40];40;text;Page_19;01_ARDIAN - Comptes sociaux 2017
2;6;1;2;1;Parts;[917, 57, 86, 30];30;text;Page_19;01_ARDIAN - Comptes sociaux 2017
2;6;1;2;2;ordinalres;[1015, 56, 165, 31];31;text;Page_19;01_ARDIAN - Comptes sociaux 2017
2;6;1;2;3;B;[1193, 56, 21, 30];30;text;Page_19;01_ARDIAN - Comptes sociaux 2017
2;6;1;3;1;Parts;[917, 107, 86, 30];30;text;Page_19;01_ARDIAN - Comptes sociaux 2017
2;6;1;3;2;ordinaires;[1015, 104, 163, 33];33;text;Page_19;01_ARDIAN - Comptes sociaux 2017
2;6;1;3;3;B;[1193, 105, 21, 30];30;text;Page_19;01_ARDIAN - Comptes sociaux 2017
2;6;1;4;1;Parts;[918, 155, 85, 31];31;text;Page_19;01_ARDIAN - Comptes sociaux 2017
2;6;1;4;2;ordinaires;[1015, 153, 165, 33];33;text;Page_19;01_ARDIAN - Comptes sociaux 2017
2;6;1;4;3;B;[1193, 155, 21, 30];30;text;Page_19;01_ARDIAN - Comptes sociaux 2017
2;6;1;5;1;Parts;[918, 204, 85, 32];32;text;Page_19;01_ARDIAN - Comptes sociaux 2017
2;6;1;5;2;ordinaires;[1015, 204, 165, 32];32;text;Page_19;01_ARDIAN - Comptes sociaux 2017
2;6;1;5;3;B;[1193, 204, 21, 30];30;text;Page_19;01_ARDIAN - Comptes sociaux 2017
2;6;1;6;1;Parts;[918, 254, 85, 31];31;text;Page_19;01_ARDIAN - Comptes sociaux 2017
2;6;1;6;2;ordinaires;[1015, 254, 165, 31];31;text;Page_19;01_ARDIAN - Comptes sociaux 2017
2;6;1;6;3;B;[1193, 254, 23, 30];30;text;Page_19;01_ARDIAN - Comptes sociaux 2017
2;6;1;7;1;Parts;[918, 303, 86, 32];32;text;Page_19;01_ARDIAN - Comptes sociaux 2017
2;6;1;7;2;ordineires;[1015, 303, 166, 32];32;text;Page_19;01_ARDIAN - Comptes sociaux 2017
2;6;1;7;3;B;[1193, 303, 23, 30];30;text;Page_19;01_ARDIAN - Comptes sociaux 2017
2;6;1;8;1;Perts;[918, 353, 85, 31];31;text;Page_19;01_ARDIAN - Comptes sociaux 2017
2;6;1;8;2;ordinelres;[1015, 351, 166, 32];32;text;Page_19;01_ARDIAN - Comptes sociaux 2017
2;6;1;8;3;B;[1193, 353, 23, 30];30;text;Page_19;01_ARDIAN - Comptes sociaux 2017
2;7;1;1;1;Parts;[918, 422, 86, 31];31;text;Page_19;01_ARDIAN - Comptes sociaux 2017
2;7;1;1;2;otdinsires;[1016, 422, 165, 31];31;text;Page_19;01_ARDIAN - Comptes sociaux 2017
2;7;1;1;3;B;[1193, 422, 23, 30];30;text;Page_19;01_ARDIAN - Comptes sociaux 2017
2;8;1;1;1;Parts;[918, 491, 86, 32];32;text;Page_19;01_ARDIAN - Comptes sociaux 2017
2;8;1;1;2;ordinaires;[1016, 491, 165, 32];32;text;Page_19;01_ARDIAN - Comptes sociaux 2017
2;8;1;1;3;B;[1195, 491, 22, 30];30;text;Page_19;01_ARDIAN - Comptes sociaux 2017
2;8;1;2;1;Parts;[918, 541, 86, 30];30;text;Page_19;01_ARDIAN - Comptes sociaux 2017
2;8;1;2;2;ordinaires;[1016, 539, 165, 32];32;text;Page_19;01_ARDIAN - Comptes sociaux 2017
2;8;1;2;3;B;[1195, 539, 21, 30];30;text;Page_19;01_ARDIAN - Comptes sociaux 2017
2;9;1;1;1;Parts;[920, 610, 84, 30];30;text;Page_19;01_ARDIAN - Comptes sociaux 2017
2;9;1;1;2;ordinaires;[1018, 608, 163, 32];32;text;Page_19;01_ARDIAN - Comptes sociaux 2017
2;9;1;1;3;B;[1195, 608, 22, 30];30;text;Page_19;01_ARDIAN - Comptes sociaux 2017
2;10;1;1;1;Parts;[920, 697, 86, 31];31;text;Page_19;01_ARDIAN - Comptes sociaux 2017
2;10;1;1;2;ordinaires;[1018, 697, 163, 31];31;text;Page_19;01_ARDIAN - Comptes sociaux 2017
2;10;1;1;3;B;[1195, 697, 22, 30];30;text;Page_19;01_ARDIAN - Comptes sociaux 2017
2;11;1;1;1;500;[1322, 8, 60, 30];30;text;Page_19;01_ARDIAN - Comptes sociaux 2017
2;11;1;1;2;000;[1396, 8, 61, 30];30;text;Page_19;01_ARDIAN - Comptes sociaux 2017
2;11;1;1;3;5;[1471, 6, 18, 35];35;text;Page_19;01_ARDIAN - Comptes sociaux 2017
2;11;1;2;1;4;[1288, 56, 21, 30];30;text;Page_19;01_ARDIAN - Comptes sociaux 2017
2;11;1;2;2;890;[1321, 56, 61, 31];31;text;Page_19;01_ARDIAN - Comptes sociaux 2017
2;11;1;2;3;000;[1396, 56, 61, 30];30;text;Page_19;01_ARDIAN - Comptes sociaux 2017
2;11;1;2;4;€;[1469, 56, 23, 28];28;text;Page_19;01_ARDIAN - Comptes sociaux 2017
2;11;1;3;1;1;[1291, 104, 12, 31];31;text;Page_19;01_ARDIAN - Comptes sociaux 2017
2;11;1;3;2;222;[1322, 104, 63, 31];31;text;Page_19;01_ARDIAN - Comptes sociaux 2017
2;11;1;3;3;900;[1396, 105, 61, 30];30;text;Page_19;01_ARDIAN - Comptes sociaux 2017
2;11;1;3;4;€;[1469, 105, 23, 30];30;text;Page_19;01_ARDIAN - Comptes sociaux 2017
2;11;2;1;1;574;[1321, 155, 61, 30];30;text;Page_19;01_ARDIAN - Comptes sociaux 2017
2;11;2;1;2;400;[1394, 153, 63, 32];32;text;Page_19;01_ARDIAN - Comptes sociaux 2017
2;11;2;1;3;€;[1469, 155, 23, 30];30;text;Page_19;01_ARDIAN - Comptes sociaux 2017
2;11;3;1;1;46;[1342, 203, 42, 31];31;text;Page_19;01_ARDIAN - Comptes sociaux 2017
2;11;3;1;2;000;[1396, 204, 63, 30];30;text;Page_19;01_ARDIAN - Comptes sociaux 2017
2;11;3;1;3;€;[1469, 204, 23, 30];30;text;Page_19;01_ARDIAN - Comptes sociaux 2017
2;11;4;1;1;1;[1292, 252, 12, 32];32;text;Page_19;01_ARDIAN - Comptes sociaux 2017
2;11;4;1;2;499;[1322, 254, 62, 30];30;text;Page_19;01_ARDIAN - Comptes sociaux 2017
2;11;4;1;3;000;[1396, 254, 63, 28];28;text;Page_19;01_ARDIAN - Comptes sociaux 2017
2;11;4;1;4;€;[1469, 254, 24, 28];28;text;Page_19;01_ARDIAN - Comptes sociaux 2017
2;11;4;2;1;69;[1343, 303, 42, 30];30;text;Page_19;01_ARDIAN - Comptes sociaux 2017
2;11;4;2;2;900;[1396, 303, 63, 29];29;text;Page_19;01_ARDIAN - Comptes sociaux 2017
2;11;4;2;3;€;[1469, 302, 24, 30];30;text;Page_19;01_ARDIAN - Comptes sociaux 2017
2;11;4;3;1;296;[1322, 351, 62, 30];30;text;Page_19;01_ARDIAN - Comptes sociaux 2017
2;11;4;3;2;900;[1397, 351, 62, 30];30;text;Page_19;01_ARDIAN - Comptes sociaux 2017
2;11;4;3;3;€;[1469, 351, 24, 30];30;text;Page_19;01_ARDIAN - Comptes sociaux 2017
2;12;1;1;1;473;[1321, 420, 63, 32];32;text;Page_19;01_ARDIAN - Comptes sociaux 2017
2;12;1;1;2;100;[1399, 420, 60, 32];32;text;Page_19;01_ARDIAN - Comptes sociaux 2017
2;12;1;1;3;$;[1472, 420, 20, 35];35;text;Page_19;01_ARDIAN - Comptes sociaux 2017
2;13;1;1;1;10;[1271, 492, 39, 31];31;text;Page_19;01_ARDIAN - Comptes sociaux 2017
2;13;1;1;2;414;[1321, 491, 64, 32];32;text;Page_19;01_ARDIAN - Comptes sociaux 2017
2;13;1;1;3;100;[1399, 487, 60, 51];51;text;Page_19;01_ARDIAN - Comptes sociaux 2017
2;13;1;1;4;€;[1469, 492, 24, 31];31;text;Page_19;01_ARDIAN - Comptes sociaux 2017
2;13;1;2;1;2;[1291, 539, 21, 30];30;text;Page_19;01_ARDIAN - Comptes sociaux 2017
2;13;1;2;2;625;[1322, 539, 63, 30];30;text;Page_19;01_ARDIAN - Comptes sociaux 2017
2;13;1;2;3;200;[1397, 539, 61, 30];30;text;Page_19;01_ARDIAN - Comptes sociaux 2017
2;13;1;2;4;€;[1471, 539, 21, 30];30;text;Page_19;01_ARDIAN - Comptes sociaux 2017
2;14;1;1;1;75;[1345, 607, 40, 31];31;text;Page_19;01_ARDIAN - Comptes sociaux 2017
2;14;1;1;2;O0C;[1399, 608, 61, 30];30;text;Page_19;01_ARDIAN - Comptes sociaux 2017
2;14;1;1;3;€;[1471, 608, 22, 30];30;text;Page_19;01_ARDIAN - Comptes sociaux 2017
2;15;1;1;1;100;[1325, 697, 60, 30];30;text;Page_19;01_ARDIAN - Comptes sociaux 2017
2;15;1;1;2;000;[1399, 697, 60, 28];28;text;Page_19;01_ARDIAN - Comptes sociaux 2017
2;15;1;1;3;€;[1471, 697, 22, 28];28;text;Page_19;01_ARDIAN - Comptes sociaux 2017
3;1;1;1;1; ;[44, 0, 543, 1];1;text;Page_19;01_ARDIAN - Comptes sociaux 2017
3;2;1;1;1;Montant;[1298, 38, 149, 30];30;text;Page_19;01_ARDIAN - Comptes sociaux 2017
3;2;1;2;1;souscrit;[1270, 82, 150, 30];30;text;Page_19;01_ARDIAN - Comptes sociaux 2017
3;2;1;2;2;en;[1430, 89, 42, 23];23;text;Page_19;01_ARDIAN - Comptes sociaux 2017
3;2;1;3;1;deviaea;[1303, 125, 138, 32];32;text;Page_19;01_ARDIAN - Comptes sociaux 2017
3;3;1;1;1;Nombre;[710, 57, 142, 46];46;text;Page_19;01_ARDIAN - Comptes sociaux 2017
3;3;1;1;2;Catégorie;[939, 61, 175, 37];37;text;Page_19;01_ARDIAN - Comptes sociaux 2017
3;3;1;1;3;des;[1126, 61, 63, 30];30;text;Page_19;01_ARDIAN - Comptes sociaux 2017
3;4;1;1;1;Entités;[257, 66, 136, 62];62;text;Page_19;01_ARDIAN - Comptes sociaux 2017
3;4;1;1;2;de;[707, 106, 43, 30];30;text;Page_19;01_ARDIAN - Comptes sociaux 2017
3;4;1;1;3;parte;[764, 107, 90, 36];36;text;Page_19;01_ARDIAN - Comptes sociaux 2017
3;4;1;1;4;PES;[1021, 106, 88, 37];37;text;Page_19;01_ARDIAN - Comptes sociaux 2017
6;1;1;1;1;87;[92, 8, 42, 30];30;text;Page_19;01_ARDIAN - Comptes sociaux 2017
6;1;1;1;2;365;[146, 8, 61, 30];30;text;Page_19;01_ARDIAN - Comptes sociaux 2017
6;1;1;1;3;$;[219, 7, 20, 34];34;text;Page_19;01_ARDIAN - Comptes sociaux 2017
6;1;1;2;1;208;[69, 58, 63, 28];28;text;Page_19;01_ARDIAN - Comptes sociaux 2017
6;1;1;2;2;348€;[146, 54, 106, 32];32;text;Page_19;01_ARDIAN - Comptes sociaux 2017
6;1;1;3;1;131;[72, 104, 56, 32];32;text;Page_19;01_ARDIAN - Comptes sociaux 2017
6;1;1;3;2;456;[144, 106, 63, 30];30;text;Page_19;01_ARDIAN - Comptes sociaux 2017
6;1;1;3;3;€;[218, 106, 24, 30];30;text;Page_19;01_ARDIAN - Comptes sociaux 2017
6;1;1;4;1;128311€;[72, 154, 170, 34];34;text;Page_19;01_ARDIAN - Comptes sociaux 2017
6;1;2;1;1;9;[116, 206, 18, 29];29;text;Page_19;01_ARDIAN - Comptes sociaux 2017
6;1;2;1;2;895;[146, 205, 60, 30];30;text;Page_19;01_ARDIAN - Comptes sociaux 2017
6;1;2;1;3;€;[219, 205, 20, 30];30;text;Page_19;01_ARDIAN - Comptes sociaux 2017
6;1;2;2;1;107;[72, 249, 62, 50];50;text;Page_19;01_ARDIAN - Comptes sociaux 2017
6;1;2;2;2;359;[146, 254, 60, 30];30;text;Page_19;01_ARDIAN - Comptes sociaux 2017
6;1;2;2;3;€;[218, 254, 21, 30];30;text;Page_19;01_ARDIAN - Comptes sociaux 2017
6;1;3;1;1;24;[93, 302, 42, 32];32;text;Page_19;01_ARDIAN - Comptes sociaux 2017
6;1;3;1;2;150;[149, 304, 59, 31];31;text;Page_19;01_ARDIAN - Comptes sociaux 2017
6;1;3;1;3;€;[219, 304, 23, 30];30;text;Page_19;01_ARDIAN - Comptes sociaux 2017
6;1;4;1;1;44;[92, 352, 42, 33];33;text;Page_19;01_ARDIAN - Comptes sociaux 2017
6;1;4;1;2;557;[146, 348, 63, 50];50;text;Page_19;01_ARDIAN - Comptes sociaux 2017
6;1;4;1;3;€;[221, 353, 21, 30];30;text;Page_19;01_ARDIAN - Comptes sociaux 2017
6;2;1;1;1;69;[93, 422, 42, 30];30;text;Page_19;01_ARDIAN - Comptes sociaux 2017
6;2;1;1;2;172$;[150, 421, 90, 36];36;text;Page_19;01_ARDIAN - Comptes sociaux 2017
6;3;1;1;1;6;[41, 491, 19, 31];31;text;Page_19;01_ARDIAN - Comptes sociaux 2017
6;3;1;1;2;154;[75, 491, 60, 31];31;text;Page_19;01_ARDIAN - Comptes sociaux 2017
6;3;1;1;3;733;[147, 490, 62, 32];32;text;Page_19;01_ARDIAN - Comptes sociaux 2017
6;3;1;1;4;€;[221, 491, 21, 31];31;text;Page_19;01_ARDIAN - Comptes sociaux 2017
6;3;1;2;1;1;[42, 540, 12, 31];31;text;Page_19;01_ARDIAN - Comptes sociaux 2017
6;3;1;2;2;324;[72, 541, 63, 30];30;text;Page_19;01_ARDIAN - Comptes sociaux 2017
6;3;1;2;3;228;[147, 540, 63, 31];31;text;Page_19;01_ARDIAN - Comptes sociaux 2017
6;3;1;2;4;€;[221, 540, 21, 30];30;text;Page_19;01_ARDIAN - Comptes sociaux 2017
6;4;1;1;1;80;[95, 609, 40, 30];30;text;Page_19;01_ARDIAN - Comptes sociaux 2017
6;4;1;1;2;000;[149, 609, 61, 30];30;text;Page_19;01_ARDIAN - Comptes sociaux 2017
6;4;1;1;3;€;[221, 609, 22, 30];30;text;Page_19;01_ARDIAN - Comptes sociaux 2017
6;5;1;1;1;80;[95, 699, 40, 28];28;text;Page_19;01_ARDIAN - Comptes sociaux 2017
6;5;1;1;2;000;[149, 697, 61, 30];30;text;Page_19;01_ARDIAN - Comptes sociaux 2017
6;5;1;1;3;€;[221, 697, 22, 30];30;text;Page_19;01_ARDIAN - Comptes sociaux 2017
7;1;1;1;1;Montant;[11, 16, 150, 30];30;text;Page_19;01_ARDIAN - Comptes sociaux 2017
7;1;1;1;2;non;[171, 22, 66, 22];22;text;Page_19;01_ARDIAN - Comptes sociaux 2017
7;1;1;2;1;ilbéré;[48, 58, 101, 31];31;text;Page_19;01_ARDIAN - Comptes sociaux 2017
7;1;1;2;2;au;[161, 67, 42, 22];22;text;Page_19;01_ARDIAN - Comptes sociaux 2017
7;1;1;3;1;31/12/2017;[30, 101, 191, 33];33;text;Page_19;01_ARDIAN - Comptes sociaux 2017
7;1;1;4;1;en;[29, 155, 40, 23];23;text;Page_19;01_ARDIAN - Comptes sociaux 2017
7;1;1;4;2;deviss&;[83, 146, 138, 32];32;text;Page_19;01_ARDIAN - Comptes sociaux 2017
8;1;1;1;1;ENGAGEMENT;[57, 3, 272, 31];31;text;Page_19;01_ARDIAN - Comptes sociaux 2017
8;1;1;1;2;HORS;[341, 3, 106, 31];31;text;Page_19;01_ARDIAN - Comptes sociaux 2017
8;1;1;2;1;BILAN;[197, 48, 111, 30];30;text;Page_19;01_ARDIAN - Comptes sociaux 2017
9;1;1;1;1;Montant;[11, 2, 147, 30];30;text;Page_19;01_ARDIAN - Comptes sociaux 2017
9;1;1;1;2;non;[170, 10, 64, 22];22;text;Page_19;01_ARDIAN - Comptes sociaux 2017
9;1;1;2;1;libéré;[47, 46, 99, 31];31;text;Page_19;01_ARDIAN - Comptes sociaux 2017
9;1;1;2;2;au;[158, 53, 40, 24];24;text;Page_19;01_ARDIAN - Comptes sociaux 2017
9;1;1;3;1;31/12/2017;[30, 88, 188, 34];34;text;Page_19;01_ARDIAN - Comptes sociaux 2017
9;1;1;4;1;an;[45, 143, 41, 23];23;text;Page_19;01_ARDIAN - Comptes sociaux 2017
9;1;1;4;2;euros;[99, 142, 102, 24];24;text;Page_19;01_ARDIAN - Comptes sociaux 2017
10;1;1;1;1;72;[88, 7, 41, 31];31;text;Page_19;01_ARDIAN - Comptes sociaux 2017
10;1;1;1;2;847;[142, 7, 59, 31];31;text;Page_19;01_ARDIAN - Comptes sociaux 2017
10;1;1;1;3;€;[213, 7, 21, 31];31;text;Page_19;01_ARDIAN - Comptes sociaux 2017
10;1;1;2;1;206;[67, 56, 60, 30];30;text;Page_19;01_ARDIAN - Comptes sociaux 2017
10;1;1;2;2;348;[141, 56, 61, 32];32;text;Page_19;01_ARDIAN - Comptes sociaux 2017
10;1;1;2;3;€;[213, 56, 22, 30];30;text;Page_19;01_ARDIAN - Comptes sociaux 2017
10;1;1;3;1;131;[69, 106, 55, 30];30;text;Page_19;01_ARDIAN - Comptes sociaux 2017
10;1;1;3;2;458;[141, 106, 59, 30];30;text;Page_19;01_ARDIAN - Comptes sociaux 2017
10;1;1;3;3;€;[214, 106, 21, 30];30;text;Page_19;01_ARDIAN - Comptes sociaux 2017
10;1;1;4;1;128;[69, 154, 60, 31];31;text;Page_19;01_ARDIAN - Comptes sociaux 2017
10;1;1;4;2;311;[142, 154, 56, 31];31;text;Page_19;01_ARDIAN - Comptes sociaux 2017
10;1;1;4;3;€;[213, 154, 24, 30];30;text;Page_19;01_ARDIAN - Comptes sociaux 2017
10;1;1;5;1;9;[111, 205, 18, 30];30;text;Page_19;01_ARDIAN - Comptes sociaux 2017
10;1;1;5;2;895;[142, 205, 59, 30];30;text;Page_19;01_ARDIAN - Comptes sociaux 2017
10;1;1;5;3;€;[214, 205, 20, 30];30;text;Page_19;01_ARDIAN - Comptes sociaux 2017
10;1;1;6;1;107;[69, 254, 60, 32];32;text;Page_19;01_ARDIAN - Comptes sociaux 2017
10;1;1;6;2;359;[142, 254, 62, 30];30;text;Page_19;01_ARDIAN - Comptes sociaux 2017
10;1;1;6;3;€;[214, 254, 23, 30];30;text;Page_19;01_ARDIAN - Comptes sociaux 2017
10;1;1;7;1;24;[90, 302, 40, 32];32;text;Page_19;01_ARDIAN - Comptes sociaux 2017
10;1;1;7;2;150€;[144, 302, 93, 32];32;text;Page_19;01_ARDIAN - Comptes sociaux 2017
10;1;2;1;1;44;[90, 352, 40, 33];33;text;Page_19;01_ARDIAN - Comptes sociaux 2017
10;1;2;1;2;557;[142, 348, 61, 50];50;text;Page_19;01_ARDIAN - Comptes sociaux 2017
10;1;2;1;3;€;[214, 352, 22, 30];30;text;Page_19;01_ARDIAN - Comptes sociaux 2017
10;2;1;1;1;57;[90, 422, 40, 30];30;text;Page_19;01_ARDIAN - Comptes sociaux 2017
10;2;1;1;2;677€;[142, 421, 95, 31];31;text;Page_19;01_ARDIAN - Comptes sociaux 2017
10;3;1;1;1;6;[37, 493, 18, 30];30;text;Page_19;01_ARDIAN - Comptes sociaux 2017
10;3;1;1;2;154;[70, 493, 59, 30];30;text;Page_19;01_ARDIAN - Comptes sociaux 2017
10;3;1;1;3;733€;[142, 493, 97, 32];32;text;Page_19;01_ARDIAN - Comptes sociaux 2017
10;3;1;2;1;1;[40, 540, 12, 31];31;text;Page_19;01_ARDIAN - Comptes sociaux 2017
10;3;1;2;2;324;[69, 540, 61, 30];30;text;Page_19;01_ARDIAN - Comptes sociaux 2017
10;3;1;2;3;228;[144, 540, 61, 30];30;text;Page_19;01_ARDIAN - Comptes sociaux 2017
10;3;1;2;4;€;[216, 540, 23, 30];30;text;Page_19;01_ARDIAN - Comptes sociaux 2017
10;4;1;1;1;60;[91, 609, 39, 30];30;text;Page_19;01_ARDIAN - Comptes sociaux 2017
10;4;1;1;2;000;[144, 609, 61, 30];30;text;Page_19;01_ARDIAN - Comptes sociaux 2017
10;4;1;1;3;€;[217, 609, 22, 30];30;text;Page_19;01_ARDIAN - Comptes sociaux 2017
10;5;1;1;1;80;[91, 697, 41, 30];30;text;Page_19;01_ARDIAN - Comptes sociaux 2017
10;5;1;1;2;000;[144, 697, 61, 30];30;text;Page_19;01_ARDIAN - Comptes sociaux 2017
10;5;1;1;3;€;[217, 697, 22, 30];30;text;Page_19;01_ARDIAN - Comptes sociaux 2017
